,miscleavage_model,var_subject,var_site,var_species,missingness,method,rmse_mean,rmse_se,n
0,global,0,0,0,0.0,int_mean,0.8299390989941051,0.13990565815122538,5
1,global,0,0,0,0.0,int_median,0.9110595725241877,0.1441095128623953,5
2,global,0,0,0,0.0,int_sum,2.5733052845850244,0.5734410631600318,5
3,global,0,0,0,0.0,stoich_fraction,0.004248151256340419,0.00424815125633989,5
4,global,0,0,0,0.0,stoich_logit,0.04949357851471526,0.0494935785147141,5
5,global,0,0,0,0.0,stoich_pep_mean,0.004248151256340419,0.00424815125633989,5
6,global,0,0,0,0.0,stoich_pep_median,0.004248151256340419,0.00424815125633989,5
7,global,0,0,0,0.25,int_mean,0.7573930667101997,0.0660036814682404,5
8,global,0,0,0,0.25,int_median,0.7721310847910015,0.06101296413685204,5
9,global,0,0,0,0.25,int_sum,3.1127742691950653,0.4080812981242229,5
10,global,0,0,0,0.25,stoich_fraction,0.8373182139543406,0.11574785511877132,5
11,global,0,0,0,0.25,stoich_logit,7.9121076043982725,0.8006843480739534,5
12,global,0,0,0,0.25,stoich_pep_mean,0.8373182139543406,0.11574785511877132,5
13,global,0,0,0,0.25,stoich_pep_median,0.8373182139543406,0.11574785511877132,5
14,global,0,0,0,0.5,int_mean,0.7748880741330434,0.0640883816921984,5
15,global,0,0,0,0.5,int_median,0.7789159048391977,0.06409040233306391,5
16,global,0,0,0,0.5,int_sum,2.1683603652185197,0.3093126039846756,5
17,global,0,0,0,0.5,stoich_fraction,1.12922864394718,0.0288610032766645,5
18,global,0,0,0,0.5,stoich_logit,14.209419065040361,1.0143269097275955,5
19,global,0,0,0,0.5,stoich_pep_mean,1.12922864394718,0.0288610032766645,5
20,global,0,0,0,0.5,stoich_pep_median,1.12922864394718,0.0288610032766645,5
21,global,0,0,1,0.0,int_mean,0.9181750686534353,0.1390374978966005,5
22,global,0,0,1,0.0,int_median,0.960558143293888,0.1138554410357099,5
23,global,0,0,1,0.0,int_sum,3.7914198167288786,0.520316925861172,5
24,global,0,0,1,0.0,stoich_fraction,5.855938998036758e-16,2.3148281941280243e-17,5
25,global,0,0,1,0.0,stoich_logit,2.4767184768484502e-15,2.264100103341186e-16,5
26,global,0,0,1,0.0,stoich_pep_mean,5.855938998036758e-16,2.3148281941280243e-17,5
27,global,0,0,1,0.0,stoich_pep_median,5.855938998036758e-16,2.3148281941280243e-17,5
28,global,0,0,1,0.25,int_mean,0.8239489737745256,0.06493411874749552,5
29,global,0,0,1,0.25,int_median,0.8461515017813227,0.0727402102811539,5
30,global,0,0,1,0.25,int_sum,3.1135589235565333,0.2678667942874549,5
31,global,0,0,1,0.25,stoich_fraction,0.7587977329357886,0.047530788284933984,5
32,global,0,0,1,0.25,stoich_logit,6.178899832757112,0.17180318773042658,5
33,global,0,0,1,0.25,stoich_pep_mean,0.7587977329357886,0.047530788284933984,5
34,global,0,0,1,0.25,stoich_pep_median,0.7587977329357886,0.047530788284933984,5
35,global,0,0,1,0.5,int_mean,0.6962677663736816,0.1432870453541296,5
36,global,0,0,1,0.5,int_median,0.6952995988945545,0.1426471726369666,5
37,global,0,0,1,0.5,int_sum,1.7010712953628293,0.14822354283057318,5
38,global,0,0,1,0.5,stoich_fraction,1.3525947829262297,0.08386908853084904,5
39,global,0,0,1,0.5,stoich_logit,14.435294318908324,0.21594224333570292,5
40,global,0,0,1,0.5,stoich_pep_mean,1.3525947829262297,0.08386908853084904,5
41,global,0,0,1,0.5,stoich_pep_median,1.3525947829262297,0.08386908853084904,5
42,global,0,0,9,0.0,int_mean,1.0773386898325983,0.13779408183302114,5
43,global,0,0,9,0.0,int_median,1.1435338651475828,0.14315324792411682,5
44,global,0,0,9,0.0,int_sum,3.389248704359967,0.5165227420673746,5
45,global,0,0,9,0.0,stoich_fraction,5.450752244445391e-16,2.7928503907618855e-17,5
46,global,0,0,9,0.0,stoich_logit,1.4158878750968498e-15,7.706218310809734e-17,5
47,global,0,0,9,0.0,stoich_pep_mean,5.450752244445391e-16,2.7928503907618855e-17,5
48,global,0,0,9,0.0,stoich_pep_median,5.450752244445391e-16,2.7928503907618855e-17,5
49,global,0,0,9,0.25,int_mean,0.9670556674256454,0.15100063642853376,5
50,global,0,0,9,0.25,int_median,1.0125773817662498,0.14441893071849202,5
51,global,0,0,9,0.25,int_sum,3.780674012272103,0.33100226731984433,5
52,global,0,0,9,0.25,stoich_fraction,0.7749504055250315,0.05082914086407346,5
53,global,0,0,9,0.25,stoich_logit,7.3724530937894714,0.2591088158311834,5
54,global,0,0,9,0.25,stoich_pep_mean,0.7749504055250315,0.05082914086407346,5
55,global,0,0,9,0.25,stoich_pep_median,0.7749504055250315,0.05082914086407346,5
56,global,0,0,9,0.5,int_mean,0.864556284202586,0.06921970444019004,5
57,global,0,0,9,0.5,int_median,0.8667044603016902,0.06819008508260888,5
58,global,0,0,9,0.5,int_sum,2.7747795989247814,0.2637926713647791,5
59,global,0,0,9,0.5,stoich_fraction,1.0415174052035725,0.11522140023827529,5
60,global,0,0,9,0.5,stoich_logit,11.65508471151575,0.5703853340583613,5
61,global,0,0,9,0.5,stoich_pep_mean,1.0415174052035725,0.11522140023827529,5
62,global,0,0,9,0.5,stoich_pep_median,1.0415174052035725,0.11522140023827529,5
63,global,0,1,0,0.0,int_mean,0.8144981471871837,0.14907065419155127,5
64,global,0,1,0,0.0,int_median,0.9097763964290397,0.1712303761762474,5
65,global,0,1,0,0.0,int_sum,3.2184256946042766,0.8432830454862918,5
66,global,0,1,0,0.0,stoich_fraction,0.3744055018827525,0.04035746375693895,5
67,global,0,1,0,0.0,stoich_logit,0.13800979637665584,0.025696454391308153,5
68,global,0,1,0,0.0,stoich_pep_mean,0.3744055018827525,0.04035746375693895,5
69,global,0,1,0,0.0,stoich_pep_median,0.3744055018827525,0.04035746375693895,5
70,global,0,1,0,0.25,int_mean,0.8079852319522596,0.10831763076598114,5
71,global,0,1,0,0.25,int_median,0.8462094878062107,0.10209560648567106,5
72,global,0,1,0,0.25,int_sum,2.89285083848534,0.28518397837426457,5
73,global,0,1,0,0.25,stoich_fraction,0.7754070482223847,0.0622751410461765,5
74,global,0,1,0,0.25,stoich_logit,6.32665589433953,0.5113806757944477,5
75,global,0,1,0,0.25,stoich_pep_mean,0.7754070482223847,0.0622751410461765,5
76,global,0,1,0,0.25,stoich_pep_median,0.7754070482223847,0.0622751410461765,5
77,global,0,1,0,0.5,int_mean,0.855678334754257,0.15544898179940791,5
78,global,0,1,0,0.5,int_median,0.8525163296827545,0.15626505730349047,5
79,global,0,1,0,0.5,int_sum,2.4320273032680992,0.3016350205060273,5
80,global,0,1,0,0.5,stoich_fraction,1.1113560410123735,0.0942257477664139,5
81,global,0,1,0,0.5,stoich_logit,12.736476068391996,0.7618426893336263,5
82,global,0,1,0,0.5,stoich_pep_mean,1.1113560410123735,0.0942257477664139,5
83,global,0,1,0,0.5,stoich_pep_median,1.1113560410123735,0.0942257477664139,5
84,global,0,1,1,0.0,int_mean,0.7830890884431274,0.15165848040213292,5
85,global,0,1,1,0.0,int_median,0.846054984099986,0.15506610763523831,5
86,global,0,1,1,0.0,int_sum,2.845888014343672,0.3981997625193889,5
87,global,0,1,1,0.0,stoich_fraction,0.36224142538279824,0.03947556084017349,5
88,global,0,1,1,0.0,stoich_logit,0.10750838152157823,0.01713387458286316,5
89,global,0,1,1,0.0,stoich_pep_mean,0.36224142538279824,0.03947556084017349,5
90,global,0,1,1,0.0,stoich_pep_median,0.36224142538279824,0.03947556084017349,5
91,global,0,1,1,0.25,int_mean,0.7369421771221367,0.09973156445565624,5
92,global,0,1,1,0.25,int_median,0.7578395178927024,0.10156196076156748,5
93,global,0,1,1,0.25,int_sum,2.300799907997229,0.2177054093741056,5
94,global,0,1,1,0.25,stoich_fraction,0.9805165298457459,0.0904402780762004,5
95,global,0,1,1,0.25,stoich_logit,7.187109446286146,0.41764423308711696,5
96,global,0,1,1,0.25,stoich_pep_mean,0.9805165298457459,0.0904402780762004,5
97,global,0,1,1,0.25,stoich_pep_median,0.9805165298457459,0.0904402780762004,5
98,global,0,1,1,0.5,int_mean,0.7968250810208806,0.15184492911571235,5
99,global,0,1,1,0.5,int_median,0.8022801871631575,0.14856549213932174,5
100,global,0,1,1,0.5,int_sum,2.7326512614360823,0.32314173959286424,5
101,global,0,1,1,0.5,stoich_fraction,1.126805571786931,0.1314466767848587,5
102,global,0,1,1,0.5,stoich_logit,13.445092300129422,0.6238995000057528,5
103,global,0,1,1,0.5,stoich_pep_mean,1.126805571786931,0.1314466767848587,5
104,global,0,1,1,0.5,stoich_pep_median,1.126805571786931,0.1314466767848587,5
105,global,0,1,9,0.0,int_mean,0.9150721234663077,0.1426994104371887,5
106,global,0,1,9,0.0,int_median,0.9552671443049562,0.13585167968600642,5
107,global,0,1,9,0.0,int_sum,3.787646785543351,0.4592399606391908,5
108,global,0,1,9,0.0,stoich_fraction,0.45807709273970687,0.04536036129921693,5
109,global,0,1,9,0.0,stoich_logit,0.15906546790949871,0.022901145947085755,5
110,global,0,1,9,0.0,stoich_pep_mean,0.45807709273970687,0.04536036129921693,5
111,global,0,1,9,0.0,stoich_pep_median,0.45807709273970687,0.04536036129921693,5
112,global,0,1,9,0.25,int_mean,0.6804460149250864,0.09342844936902706,5
113,global,0,1,9,0.25,int_median,0.7119333167571409,0.10170488643438999,5
114,global,0,1,9,0.25,int_sum,2.6070838813602784,0.21429160109095177,5
115,global,0,1,9,0.25,stoich_fraction,0.7644341187013248,0.0614169123015124,5
116,global,0,1,9,0.25,stoich_logit,6.788309497311668,0.681302350678885,5
117,global,0,1,9,0.25,stoich_pep_mean,0.7644341187013248,0.0614169123015124,5
118,global,0,1,9,0.25,stoich_pep_median,0.7644341187013248,0.0614169123015124,5
119,global,0,1,9,0.5,int_mean,0.7421746820540736,0.08718240781450427,5
120,global,0,1,9,0.5,int_median,0.741795767937254,0.08501727313453533,5
121,global,0,1,9,0.5,int_sum,2.755990877745741,0.23226980736842034,5
122,global,0,1,9,0.5,stoich_fraction,1.1805036354306608,0.07659776546071308,5
123,global,0,1,9,0.5,stoich_logit,11.059380843743366,0.35204040535941805,5
124,global,0,1,9,0.5,stoich_pep_mean,1.1805036354306608,0.07659776546071308,5
125,global,0,1,9,0.5,stoich_pep_median,1.1805036354306608,0.07659776546071308,5
126,global,0,9,0,0.0,int_mean,0.6517105686257173,0.029234695050966254,5
127,global,0,9,0,0.0,int_median,0.7127910535014166,0.03445987879214001,5
128,global,0,9,0,0.0,int_sum,2.8243587384586366,0.3086848281726618,5
129,global,0,9,0,0.0,stoich_fraction,0.9732101002143585,0.048156111332964,5
130,global,0,9,0,0.0,stoich_logit,0.4552845876040402,0.07927749942367437,5
131,global,0,9,0,0.0,stoich_pep_mean,0.9732101002143585,0.048156111332964,5
132,global,0,9,0,0.0,stoich_pep_median,0.9732101002143585,0.048156111332964,5
133,global,0,9,0,0.25,int_mean,0.8836168505691049,0.11284663314046586,5
134,global,0,9,0,0.25,int_median,0.9066278885235398,0.09906221110603383,5
135,global,0,9,0,0.25,int_sum,2.6194621652071777,0.29931684159323313,5
136,global,0,9,0,0.25,stoich_fraction,1.4501139473394227,0.14175251942081105,5
137,global,0,9,0,0.25,stoich_logit,6.607680870446272,0.5299036352648415,5
138,global,0,9,0,0.25,stoich_pep_mean,1.4501139473394227,0.14175251942081105,5
139,global,0,9,0,0.25,stoich_pep_median,1.4501139473394227,0.14175251942081105,5
140,global,0,9,0,0.5,int_mean,0.8554021585479988,0.09404255537361263,5
141,global,0,9,0,0.5,int_median,0.8680863246579882,0.10294651371358923,5
142,global,0,9,0,0.5,int_sum,3.251276198194495,0.632494563634217,5
143,global,0,9,0,0.5,stoich_fraction,1.3852059875749494,0.07062134980049045,5
144,global,0,9,0,0.5,stoich_logit,11.286882877848678,0.6153758130262454,5
145,global,0,9,0,0.5,stoich_pep_mean,1.3852059875749494,0.07062134980049045,5
146,global,0,9,0,0.5,stoich_pep_median,1.3852059875749494,0.07062134980049045,5
147,global,0,9,1,0.0,int_mean,0.8351315460127668,0.07997944630498423,5
148,global,0,9,1,0.0,int_median,1.010099056996016,0.13714138451452837,5
149,global,0,9,1,0.0,int_sum,2.977078694492391,0.4256253141524105,5
150,global,0,9,1,0.0,stoich_fraction,0.940724192888174,0.06281744757241742,5
151,global,0,9,1,0.0,stoich_logit,0.38648544819554953,0.04499901674948176,5
152,global,0,9,1,0.0,stoich_pep_mean,0.940724192888174,0.06281744757241742,5
153,global,0,9,1,0.0,stoich_pep_median,0.940724192888174,0.06281744757241742,5
154,global,0,9,1,0.25,int_mean,0.8609112207839171,0.07628893118865494,5
155,global,0,9,1,0.25,int_median,0.9043906105192493,0.07427719292221611,5
156,global,0,9,1,0.25,int_sum,3.511644969701495,0.981770607995547,5
157,global,0,9,1,0.25,stoich_fraction,1.409763039620548,0.11478817353104379,5
158,global,0,9,1,0.25,stoich_logit,6.116667020989393,0.41525019574641364,5
159,global,0,9,1,0.25,stoich_pep_mean,1.409763039620548,0.11478817353104379,5
160,global,0,9,1,0.25,stoich_pep_median,1.409763039620548,0.11478817353104379,5
161,global,0,9,1,0.5,int_mean,1.0095198336786861,0.13062021693498835,5
162,global,0,9,1,0.5,int_median,1.011279679276925,0.1308391802499103,5
163,global,0,9,1,0.5,int_sum,4.267955703106099,1.2577315243671883,5
164,global,0,9,1,0.5,stoich_fraction,1.72143217830574,0.14566768184490927,5
165,global,0,9,1,0.5,stoich_logit,11.149206255034002,0.6066061216407753,5
166,global,0,9,1,0.5,stoich_pep_mean,1.72143217830574,0.14566768184490927,5
167,global,0,9,1,0.5,stoich_pep_median,1.72143217830574,0.14566768184490927,5
168,global,0,9,9,0.0,int_mean,0.8873990945425284,0.11640791713272379,5
169,global,0,9,9,0.0,int_median,0.9877943965328578,0.1498401648850646,5
170,global,0,9,9,0.0,int_sum,3.5536115893686633,0.48246027687109566,5
171,global,0,9,9,0.0,stoich_fraction,1.0667422422953348,0.06481824471920532,5
172,global,0,9,9,0.0,stoich_logit,0.41323723983591415,0.09803713147615502,5
173,global,0,9,9,0.0,stoich_pep_mean,1.0667422422953348,0.06481824471920532,5
174,global,0,9,9,0.0,stoich_pep_median,1.0667422422953348,0.06481824471920532,5
175,global,0,9,9,0.25,int_mean,1.1688842763759868,0.12458840962111045,5
176,global,0,9,9,0.25,int_median,1.2302445290542996,0.13815904496765397,5
177,global,0,9,9,0.25,int_sum,2.8197312180747103,0.5909258975382716,5
178,global,0,9,9,0.25,stoich_fraction,1.333694906455595,0.13880261547187206,5
179,global,0,9,9,0.25,stoich_logit,6.506749912413727,0.7447678367062944,5
180,global,0,9,9,0.25,stoich_pep_mean,1.333694906455595,0.13880261547187206,5
181,global,0,9,9,0.25,stoich_pep_median,1.333694906455595,0.13880261547187206,5
182,global,0,9,9,0.5,int_mean,1.0503399197097152,0.11633820145682945,5
183,global,0,9,9,0.5,int_median,1.039007523671431,0.10927122345447225,5
184,global,0,9,9,0.5,int_sum,2.4688308836699555,0.21967172879998162,5
185,global,0,9,9,0.5,stoich_fraction,1.3589407966279534,0.11714465283643902,5
186,global,0,9,9,0.5,stoich_logit,9.431218479488756,0.7637559781130034,5
187,global,0,9,9,0.5,stoich_pep_mean,1.3589407966279534,0.11714465283643902,5
188,global,0,9,9,0.5,stoich_pep_median,1.3589407966279534,0.11714465283643902,5
189,global,1,0,0,0.0,int_mean,0.7397504822571146,0.08986037072507705,5
190,global,1,0,0,0.0,int_median,0.7705052773567528,0.12009224949703216,5
191,global,1,0,0,0.0,int_sum,2.7483653172542004,0.5423390008815236,5
192,global,1,0,0,0.0,stoich_fraction,4.725053376718716e-16,1.5246190748733945e-17,5
193,global,1,0,0,0.0,stoich_logit,1.1126106276110578e-15,1.4780921339951704e-16,5
194,global,1,0,0,0.0,stoich_pep_mean,4.725053376718716e-16,1.5246190748733945e-17,5
195,global,1,0,0,0.0,stoich_pep_median,4.725053376718716e-16,1.5246190748733945e-17,5
196,global,1,0,0,0.25,int_mean,0.832876067265453,0.10465375527169331,5
197,global,1,0,0,0.25,int_median,0.8439612577362947,0.10323243057576716,5
198,global,1,0,0,0.25,int_sum,2.9188901182911344,0.3706733923308304,5
199,global,1,0,0,0.25,stoich_fraction,0.9500962913504087,0.10289640123976698,5
200,global,1,0,0,0.25,stoich_logit,7.160545241017134,0.5584679813383782,5
201,global,1,0,0,0.25,stoich_pep_mean,0.9500962913504087,0.10289640123976698,5
202,global,1,0,0,0.25,stoich_pep_median,0.9500962913504087,0.10289640123976698,5
203,global,1,0,0,0.5,int_mean,0.8480682815757797,0.07907770461385476,5
204,global,1,0,0,0.5,int_median,0.8488653658384935,0.07984465986833049,5
205,global,1,0,0,0.5,int_sum,1.7250509820744253,0.15257074440485296,5
206,global,1,0,0,0.5,stoich_fraction,1.2734075836653524,0.058133199474951054,5
207,global,1,0,0,0.5,stoich_logit,13.332476895608128,0.932843604452165,5
208,global,1,0,0,0.5,stoich_pep_mean,1.2734075836653524,0.058133199474951054,5
209,global,1,0,0,0.5,stoich_pep_median,1.2734075836653524,0.058133199474951054,5
210,global,1,0,1,0.0,int_mean,0.8768124149912747,0.10278182474717577,5
211,global,1,0,1,0.0,int_median,0.9330780559930941,0.10157855404440037,5
212,global,1,0,1,0.0,int_sum,3.0708603231487315,0.48951836845044794,5
213,global,1,0,1,0.0,stoich_fraction,4.671388417834761e-16,2.1316983502941166e-17,5
214,global,1,0,1,0.0,stoich_logit,1.1561530589829574e-15,2.118432779803245e-16,5
215,global,1,0,1,0.0,stoich_pep_mean,4.671388417834761e-16,2.1316983502941166e-17,5
216,global,1,0,1,0.0,stoich_pep_median,4.671388417834761e-16,2.1316983502941166e-17,5
217,global,1,0,1,0.25,int_mean,0.9730404708828908,0.0629156353811834,5
218,global,1,0,1,0.25,int_median,0.9805076509038116,0.06193749754440561,5
219,global,1,0,1,0.25,int_sum,2.315026377049436,0.14763292074039178,5
220,global,1,0,1,0.25,stoich_fraction,0.8360669158422962,0.08674969289133079,5
221,global,1,0,1,0.25,stoich_logit,7.972591137157925,0.555928370722595,5
222,global,1,0,1,0.25,stoich_pep_mean,0.8360669158422962,0.08674969289133079,5
223,global,1,0,1,0.25,stoich_pep_median,0.8360669158422962,0.08674969289133079,5
224,global,1,0,1,0.5,int_mean,1.0011210372611907,0.05736342327774255,5
225,global,1,0,1,0.5,int_median,1.009540552491971,0.05730267185907116,5
226,global,1,0,1,0.5,int_sum,2.2649452806903625,0.400535722313593,5
227,global,1,0,1,0.5,stoich_fraction,1.2553362535844015,0.09216883255717578,5
228,global,1,0,1,0.5,stoich_logit,13.000306556107867,0.8439040707139625,5
229,global,1,0,1,0.5,stoich_pep_mean,1.2553362535844015,0.09216883255717578,5
230,global,1,0,1,0.5,stoich_pep_median,1.2553362535844015,0.09216883255717578,5
231,global,1,0,9,0.0,int_mean,1.0386175674267057,0.05246013841168449,5
232,global,1,0,9,0.0,int_median,1.0504876707071575,0.06755104575368376,5
233,global,1,0,9,0.0,int_sum,4.279043165584198,1.0474708397705834,5
234,global,1,0,9,0.0,stoich_fraction,4.713881700998889e-16,2.345394246859358e-17,5
235,global,1,0,9,0.0,stoich_logit,1.5385957480214568e-15,4.70925246391967e-17,5
236,global,1,0,9,0.0,stoich_pep_mean,4.713881700998889e-16,2.345394246859358e-17,5
237,global,1,0,9,0.0,stoich_pep_median,4.713881700998889e-16,2.345394246859358e-17,5
238,global,1,0,9,0.25,int_mean,0.9978929665209557,0.11950469017973486,5
239,global,1,0,9,0.25,int_median,1.0001377769801463,0.1192117789852217,5
240,global,1,0,9,0.25,int_sum,3.0066117970778814,0.30652340813707074,5
241,global,1,0,9,0.25,stoich_fraction,0.6406449931089605,0.06999931908165213,5
242,global,1,0,9,0.25,stoich_logit,6.635086201222907,0.48755336124173626,5
243,global,1,0,9,0.25,stoich_pep_mean,0.6406449931089605,0.06999931908165213,5
244,global,1,0,9,0.25,stoich_pep_median,0.6406449931089605,0.06999931908165213,5
245,global,1,0,9,0.5,int_mean,1.1417113359535311,0.16959215367237968,5
246,global,1,0,9,0.5,int_median,1.1449019548819446,0.16878755373818838,5
247,global,1,0,9,0.5,int_sum,3.558725019429224,0.5916458194417122,5
248,global,1,0,9,0.5,stoich_fraction,1.0646791285951342,0.05731521688757917,5
249,global,1,0,9,0.5,stoich_logit,11.285454400794672,0.5481827108736783,5
250,global,1,0,9,0.5,stoich_pep_mean,1.0646791285951342,0.05731521688757917,5
251,global,1,0,9,0.5,stoich_pep_median,1.0646791285951342,0.05731521688757917,5
252,global,1,1,0,0.0,int_mean,0.6888660446876764,0.05541625490031292,5
253,global,1,1,0,0.0,int_median,0.7185481964266464,0.0690116210549485,5
254,global,1,1,0,0.0,int_sum,2.8648521120301185,0.45846940604939396,5
255,global,1,1,0,0.0,stoich_fraction,0.3381946085878858,0.035436989400222246,5
256,global,1,1,0,0.0,stoich_logit,0.110921349735049,0.01801901804332114,5
257,global,1,1,0,0.0,stoich_pep_mean,0.3381946085878858,0.035436989400222246,5
258,global,1,1,0,0.0,stoich_pep_median,0.3381946085878858,0.035436989400222246,5
259,global,1,1,0,0.25,int_mean,0.8072591354660685,0.11334601510238682,5
260,global,1,1,0,0.25,int_median,0.8518053494542445,0.11772559379092604,5
261,global,1,1,0,0.25,int_sum,3.121291880692361,0.4349476582958017,5
262,global,1,1,0,0.25,stoich_fraction,0.9527205730908918,0.14668507532741643,5
263,global,1,1,0,0.25,stoich_logit,6.200375159200922,0.283205365020529,5
264,global,1,1,0,0.25,stoich_pep_mean,0.9527205730908918,0.14668507532741643,5
265,global,1,1,0,0.25,stoich_pep_median,0.9527205730908918,0.14668507532741643,5
266,global,1,1,0,0.5,int_mean,0.9183123722456308,0.06770950741706552,5
267,global,1,1,0,0.5,int_median,0.9186187070230165,0.06916425945910987,5
268,global,1,1,0,0.5,int_sum,2.198587443441256,0.2935983482808228,5
269,global,1,1,0,0.5,stoich_fraction,1.2299474334796132,0.09699942936084247,5
270,global,1,1,0,0.5,stoich_logit,12.967855341777783,0.7560486307122664,5
271,global,1,1,0,0.5,stoich_pep_mean,1.2299474334796132,0.09699942936084247,5
272,global,1,1,0,0.5,stoich_pep_median,1.2299474334796132,0.09699942936084247,5
273,global,1,1,1,0.0,int_mean,0.8138631621564961,0.10202105298494811,5
274,global,1,1,1,0.0,int_median,0.9746054472775556,0.14540223173903774,5
275,global,1,1,1,0.0,int_sum,2.9763429101970216,0.22489938818192914,5
276,global,1,1,1,0.0,stoich_fraction,0.4396999982626104,0.029576805980407406,5
277,global,1,1,1,0.0,stoich_logit,0.12976031708397687,0.0176690955566016,5
278,global,1,1,1,0.0,stoich_pep_mean,0.4396999982626104,0.029576805980407406,5
279,global,1,1,1,0.0,stoich_pep_median,0.4396999982626104,0.029576805980407406,5
280,global,1,1,1,0.25,int_mean,0.8463346301098286,0.11442191744551815,5
281,global,1,1,1,0.25,int_median,0.8685178706541301,0.11052129582860382,5
282,global,1,1,1,0.25,int_sum,3.387735454510447,0.5175785157947798,5
283,global,1,1,1,0.25,stoich_fraction,0.8969609998438625,0.032138317057475184,5
284,global,1,1,1,0.25,stoich_logit,5.9821305255944806,0.39696963501554416,5
285,global,1,1,1,0.25,stoich_pep_mean,0.8969609998438625,0.032138317057475184,5
286,global,1,1,1,0.25,stoich_pep_median,0.8969609998438625,0.032138317057475184,5
287,global,1,1,1,0.5,int_mean,1.091723716718047,0.0940081632017731,5
288,global,1,1,1,0.5,int_median,1.0872170802485295,0.09261081354549636,5
289,global,1,1,1,0.5,int_sum,2.457423333392959,0.511137518651841,5
290,global,1,1,1,0.5,stoich_fraction,1.221219602808197,0.0929960185074901,5
291,global,1,1,1,0.5,stoich_logit,11.61915090399361,0.7666208800961684,5
292,global,1,1,1,0.5,stoich_pep_mean,1.221219602808197,0.0929960185074901,5
293,global,1,1,1,0.5,stoich_pep_median,1.221219602808197,0.0929960185074901,5
294,global,1,1,9,0.0,int_mean,1.0772254082231203,0.07941684157176022,5
295,global,1,1,9,0.0,int_median,1.164957524654484,0.09291075787097466,5
296,global,1,1,9,0.0,int_sum,3.8240083859053113,0.5056485516394759,5
297,global,1,1,9,0.0,stoich_fraction,0.3865875275959089,0.03220439982491217,5
298,global,1,1,9,0.0,stoich_logit,0.1046335649202487,0.016361960504293376,5
299,global,1,1,9,0.0,stoich_pep_mean,0.3865875275959089,0.03220439982491217,5
300,global,1,1,9,0.0,stoich_pep_median,0.3865875275959089,0.03220439982491217,5
301,global,1,1,9,0.25,int_mean,1.1151476460472085,0.08302803049171875,5
302,global,1,1,9,0.25,int_median,1.1208781102278045,0.08326155898064191,5
303,global,1,1,9,0.25,int_sum,3.136285571896754,0.4552615571687064,5
304,global,1,1,9,0.25,stoich_fraction,1.0662455044674042,0.12619924888904735,5
305,global,1,1,9,0.25,stoich_logit,6.39064904106235,0.7368610142936427,5
306,global,1,1,9,0.25,stoich_pep_mean,1.0662455044674042,0.12619924888904735,5
307,global,1,1,9,0.25,stoich_pep_median,1.0662455044674042,0.12619924888904735,5
308,global,1,1,9,0.5,int_mean,1.125262030265921,0.0623501717284983,5
309,global,1,1,9,0.5,int_median,1.1324564906403995,0.06253519122513893,5
310,global,1,1,9,0.5,int_sum,4.612131577712411,1.4091685510210572,5
311,global,1,1,9,0.5,stoich_fraction,1.204204238779168,0.09871606318572261,5
312,global,1,1,9,0.5,stoich_logit,10.712292275061943,0.3155166573963129,5
313,global,1,1,9,0.5,stoich_pep_mean,1.204204238779168,0.09871606318572261,5
314,global,1,1,9,0.5,stoich_pep_median,1.204204238779168,0.09871606318572261,5
315,global,1,9,0,0.0,int_mean,0.9389236960632299,0.08560151325291136,5
316,global,1,9,0,0.0,int_median,1.0187132274686346,0.11600388638145472,5
317,global,1,9,0,0.0,int_sum,3.228069315902777,0.26447453200690185,5
318,global,1,9,0,0.0,stoich_fraction,1.05291121638588,0.052981230194494085,5
319,global,1,9,0,0.0,stoich_logit,0.4814104887433137,0.07514289061838583,5
320,global,1,9,0,0.0,stoich_pep_mean,1.05291121638588,0.052981230194494085,5
321,global,1,9,0,0.0,stoich_pep_median,1.05291121638588,0.052981230194494085,5
322,global,1,9,0,0.25,int_mean,0.9072595296893133,0.11236079709549124,5
323,global,1,9,0,0.25,int_median,0.9299832128991673,0.1084989439329831,5
324,global,1,9,0,0.25,int_sum,2.8346466011045828,0.3881494930824098,5
325,global,1,9,0,0.25,stoich_fraction,1.3056004862497381,0.1209061281712283,5
326,global,1,9,0,0.25,stoich_logit,6.719866115580437,0.29348962078261837,5
327,global,1,9,0,0.25,stoich_pep_mean,1.3056004862497381,0.1209061281712283,5
328,global,1,9,0,0.25,stoich_pep_median,1.3056004862497381,0.1209061281712283,5
329,global,1,9,0,0.5,int_mean,1.196753695630796,0.16631046642685354,5
330,global,1,9,0,0.5,int_median,1.197603560622151,0.16684746951988383,5
331,global,1,9,0,0.5,int_sum,4.0589149238445845,0.8440332249288403,5
332,global,1,9,0,0.5,stoich_fraction,1.4663997556909816,0.08833065684945074,5
333,global,1,9,0,0.5,stoich_logit,10.079061556868654,0.8957903807356117,5
334,global,1,9,0,0.5,stoich_pep_mean,1.4663997556909816,0.08833065684945074,5
335,global,1,9,0,0.5,stoich_pep_median,1.4663997556909816,0.08833065684945074,5
336,global,1,9,1,0.0,int_mean,0.8203208370967623,0.1378223789468602,5
337,global,1,9,1,0.0,int_median,0.8893023555672389,0.1298423759940945,5
338,global,1,9,1,0.0,int_sum,3.292167684206305,0.3199028064362573,5
339,global,1,9,1,0.0,stoich_fraction,0.9784266271903727,0.09237706054031089,5
340,global,1,9,1,0.0,stoich_logit,0.5037797360793457,0.1869447244184985,5
341,global,1,9,1,0.0,stoich_pep_mean,0.9784266271903727,0.09237706054031089,5
342,global,1,9,1,0.0,stoich_pep_median,0.9784266271903727,0.09237706054031089,5
343,global,1,9,1,0.25,int_mean,1.0178388410391561,0.07472033060234493,5
344,global,1,9,1,0.25,int_median,1.0633493329999202,0.07798450618394903,5
345,global,1,9,1,0.25,int_sum,3.8729126131980665,0.6126860200708747,5
346,global,1,9,1,0.25,stoich_fraction,1.8069721306882258,0.17081188668997865,5
347,global,1,9,1,0.25,stoich_logit,5.022036428017904,0.6417395300265618,5
348,global,1,9,1,0.25,stoich_pep_mean,1.8069721306882258,0.17081188668997865,5
349,global,1,9,1,0.25,stoich_pep_median,1.8069721306882258,0.17081188668997865,5
350,global,1,9,1,0.5,int_mean,1.0487552715619457,0.08657598438015912,5
351,global,1,9,1,0.5,int_median,1.0448368178628193,0.08237137089658811,5
352,global,1,9,1,0.5,int_sum,2.7605513350939686,0.383966799686804,5
353,global,1,9,1,0.5,stoich_fraction,1.5441607402511364,0.19730881985351903,5
354,global,1,9,1,0.5,stoich_logit,9.093791209979399,0.8197337324385577,5
355,global,1,9,1,0.5,stoich_pep_mean,1.5441607402511364,0.19730881985351903,5
356,global,1,9,1,0.5,stoich_pep_median,1.5441607402511364,0.19730881985351903,5
357,global,1,9,9,0.0,int_mean,0.9378790124333787,0.09080639504791102,5
358,global,1,9,9,0.0,int_median,1.0053830017428946,0.1025215516619004,5
359,global,1,9,9,0.0,int_sum,4.699281755885755,1.1343997360438842,5
360,global,1,9,9,0.0,stoich_fraction,0.8937481300849374,0.07416862637729738,5
361,global,1,9,9,0.0,stoich_logit,0.38255029084862696,0.07114882523905809,5
362,global,1,9,9,0.0,stoich_pep_mean,0.8937481300849374,0.07416862637729738,5
363,global,1,9,9,0.0,stoich_pep_median,0.8937481300849374,0.07416862637729738,5
364,global,1,9,9,0.25,int_mean,1.2509823717656698,0.05316083027123325,5
365,global,1,9,9,0.25,int_median,1.3267366222557793,0.06089459202244845,5
366,global,1,9,9,0.25,int_sum,4.0880744608389294,0.4751510893190664,5
367,global,1,9,9,0.25,stoich_fraction,1.4155390500884506,0.08283670618335948,5
368,global,1,9,9,0.25,stoich_logit,5.557666124882703,0.5641868712535745,5
369,global,1,9,9,0.25,stoich_pep_mean,1.4155390500884506,0.08283670618335948,5
370,global,1,9,9,0.25,stoich_pep_median,1.4155390500884506,0.08283670618335948,5
371,global,1,9,9,0.5,int_mean,1.285885862065565,0.12751482236507394,5
372,global,1,9,9,0.5,int_median,1.3051976573466937,0.13395795361060206,5
373,global,1,9,9,0.5,int_sum,5.7195000528125615,0.6229672987071493,5
374,global,1,9,9,0.5,stoich_fraction,1.6005603095352927,0.0867161077684868,5
375,global,1,9,9,0.5,stoich_logit,8.433401726209791,0.4604700837825928,5
376,global,1,9,9,0.5,stoich_pep_mean,1.6005603095352927,0.0867161077684868,5
377,global,1,9,9,0.5,stoich_pep_median,1.6005603095352927,0.0867161077684868,5
378,global,9,0,0,0.0,int_mean,0.9786420502305327,0.13693556506136612,5
379,global,9,0,0,0.0,int_median,1.0202458080244539,0.13927158090738626,5
380,global,9,0,0,0.0,int_sum,3.3948532471425295,0.1446489483886358,5
381,global,9,0,0,0.0,stoich_fraction,5.0961382102981375e-16,3.13620480650269e-17,5
382,global,9,0,0,0.0,stoich_logit,1.201153920525497e-15,1.3049528165113107e-16,5
383,global,9,0,0,0.0,stoich_pep_mean,5.0961382102981375e-16,3.13620480650269e-17,5
384,global,9,0,0,0.0,stoich_pep_median,5.0961382102981375e-16,3.13620480650269e-17,5
385,global,9,0,0,0.25,int_mean,1.556155950568355,0.10888862980818668,5
386,global,9,0,0,0.25,int_median,1.5543985600628223,0.11033506140460893,5
387,global,9,0,0,0.25,int_sum,3.254575394597037,0.2500929488790498,5
388,global,9,0,0,0.25,stoich_fraction,0.5927204524076011,0.09054708402599093,5
389,global,9,0,0,0.25,stoich_logit,5.356170930566245,0.3582950157019072,5
390,global,9,0,0,0.25,stoich_pep_mean,0.5927204524076011,0.09054708402599093,5
391,global,9,0,0,0.25,stoich_pep_median,0.5927204524076011,0.09054708402599093,5
392,global,9,0,0,0.5,int_mean,1.6240479377208825,0.20237744053438209,5
393,global,9,0,0,0.5,int_median,1.6299660319014717,0.20555884369588556,5
394,global,9,0,0,0.5,int_sum,3.3698576655510974,0.7695010016623444,5
395,global,9,0,0,0.5,stoich_fraction,1.0776886913447505,0.11382369367597862,5
396,global,9,0,0,0.5,stoich_logit,10.659169738590785,0.45691687791374114,5
397,global,9,0,0,0.5,stoich_pep_mean,1.0776886913447505,0.11382369367597862,5
398,global,9,0,0,0.5,stoich_pep_median,1.0776886913447505,0.11382369367597862,5
399,global,9,0,1,0.0,int_mean,0.8720868164664646,0.04900548769493068,5
400,global,9,0,1,0.0,int_median,0.8991004867805852,0.06454121685520847,5
401,global,9,0,1,0.0,int_sum,3.386621858025748,0.4614476967051368,5
402,global,9,0,1,0.0,stoich_fraction,4.838257874467915e-16,1.1581992640214657e-17,5
403,global,9,0,1,0.0,stoich_logit,1.2097705643322768e-15,1.5134998191882626e-16,5
404,global,9,0,1,0.0,stoich_pep_mean,4.838257874467915e-16,1.1581992640214657e-17,5
405,global,9,0,1,0.0,stoich_pep_median,4.838257874467915e-16,1.1581992640214657e-17,5
406,global,9,0,1,0.25,int_mean,1.4303142901760604,0.2667688526830984,5
407,global,9,0,1,0.25,int_median,1.454081237110988,0.26630593810808145,5
408,global,9,0,1,0.25,int_sum,4.014551763591034,0.8198671301066935,5
409,global,9,0,1,0.25,stoich_fraction,0.5478132688543679,0.07291025803584797,5
410,global,9,0,1,0.25,stoich_logit,4.894112750653615,0.24724695435978467,5
411,global,9,0,1,0.25,stoich_pep_mean,0.5478132688543679,0.07291025803584797,5
412,global,9,0,1,0.25,stoich_pep_median,0.5478132688543679,0.07291025803584797,5
413,global,9,0,1,0.5,int_mean,1.4161004706180553,0.1369100594116797,5
414,global,9,0,1,0.5,int_median,1.4168569448125294,0.13597664946053223,5
415,global,9,0,1,0.5,int_sum,2.791541910525447,0.4969979733041344,5
416,global,9,0,1,0.5,stoich_fraction,0.9143497704429926,0.06285046040437796,5
417,global,9,0,1,0.5,stoich_logit,9.18553223370287,0.3029558974715932,5
418,global,9,0,1,0.5,stoich_pep_mean,0.9143497704429926,0.06285046040437796,5
419,global,9,0,1,0.5,stoich_pep_median,0.9143497704429926,0.06285046040437796,5
420,global,9,0,9,0.0,int_mean,1.180503396875187,0.0970361991165943,5
421,global,9,0,9,0.0,int_median,1.1983328015036006,0.11504634403527347,5
422,global,9,0,9,0.0,int_sum,4.250745231337045,0.9472156228958968,5
423,global,9,0,9,0.0,stoich_fraction,4.701717394793168e-16,2.4307944711336016e-17,5
424,global,9,0,9,0.0,stoich_logit,1.2029869237411993e-15,1.1952555183288304e-16,5
425,global,9,0,9,0.0,stoich_pep_mean,4.701717394793168e-16,2.4307944711336016e-17,5
426,global,9,0,9,0.0,stoich_pep_median,4.701717394793168e-16,2.4307944711336016e-17,5
427,global,9,0,9,0.25,int_mean,1.5650779457093313,0.16914152757612175,5
428,global,9,0,9,0.25,int_median,1.5576279025876043,0.1643466622465666,5
429,global,9,0,9,0.25,int_sum,3.869781515124244,0.5164724408167445,5
430,global,9,0,9,0.25,stoich_fraction,0.5639520900043454,0.06389453878951484,5
431,global,9,0,9,0.25,stoich_logit,5.9448582633643365,0.43660896171617875,5
432,global,9,0,9,0.25,stoich_pep_mean,0.5639520900043454,0.06389453878951484,5
433,global,9,0,9,0.25,stoich_pep_median,0.5639520900043454,0.06389453878951484,5
434,global,9,0,9,0.5,int_mean,1.653896412831358,0.17173055370483783,5
435,global,9,0,9,0.5,int_median,1.6617300826291916,0.17464560929554765,5
436,global,9,0,9,0.5,int_sum,3.429618488827031,0.6073623414849085,5
437,global,9,0,9,0.5,stoich_fraction,0.8794632336945144,0.08539850658894803,5
438,global,9,0,9,0.5,stoich_logit,8.97860238671131,0.8787565611222515,5
439,global,9,0,9,0.5,stoich_pep_mean,0.8794632336945144,0.08539850658894803,5
440,global,9,0,9,0.5,stoich_pep_median,0.8794632336945144,0.08539850658894803,5
441,global,9,1,0,0.0,int_mean,1.16275703649509,0.09015798235173551,5
442,global,9,1,0,0.0,int_median,1.1986900957493345,0.08036279711325775,5
443,global,9,1,0,0.0,int_sum,4.44152442326602,0.8958791900889133,5
444,global,9,1,0,0.0,stoich_fraction,0.38669861180320464,0.01709657200308902,5
445,global,9,1,0,0.0,stoich_logit,0.15343971358817296,0.017703370974505445,5
446,global,9,1,0,0.0,stoich_pep_mean,0.38669861180320464,0.01709657200308902,5
447,global,9,1,0,0.0,stoich_pep_median,0.38669861180320464,0.01709657200308902,5
448,global,9,1,0,0.25,int_mean,1.3232853842070504,0.17173402380848002,5
449,global,9,1,0,0.25,int_median,1.3277299639389328,0.1700326238554409,5
450,global,9,1,0,0.25,int_sum,3.073382813531352,0.40713125539505873,5
451,global,9,1,0,0.25,stoich_fraction,0.7479411683132584,0.08489400606265095,5
452,global,9,1,0,0.25,stoich_logit,6.056862515651636,0.6012872652567455,5
453,global,9,1,0,0.25,stoich_pep_mean,0.7479411683132584,0.08489400606265095,5
454,global,9,1,0,0.25,stoich_pep_median,0.7479411683132584,0.08489400606265095,5
455,global,9,1,0,0.5,int_mean,1.4669083805981775,0.11719849390381852,5
456,global,9,1,0,0.5,int_median,1.4726904920908575,0.12094835933476134,5
457,global,9,1,0,0.5,int_sum,2.47479408481301,0.17698026122958327,5
458,global,9,1,0,0.5,stoich_fraction,1.1508165906325072,0.056096055348955745,5
459,global,9,1,0,0.5,stoich_logit,9.23406130338709,0.2837136098969833,5
460,global,9,1,0,0.5,stoich_pep_mean,1.1508165906325072,0.056096055348955745,5
461,global,9,1,0,0.5,stoich_pep_median,1.1508165906325072,0.056096055348955745,5
462,global,9,1,1,0.0,int_mean,1.260502178356031,0.06399917848972989,5
463,global,9,1,1,0.0,int_median,1.2914324765539031,0.05232356728877361,5
464,global,9,1,1,0.0,int_sum,4.601104283866929,0.6088632647166728,5
465,global,9,1,1,0.0,stoich_fraction,0.4002076305942202,0.01147042961565965,5
466,global,9,1,1,0.0,stoich_logit,0.14455410554415712,0.02782063216698597,5
467,global,9,1,1,0.0,stoich_pep_mean,0.4002076305942202,0.01147042961565965,5
468,global,9,1,1,0.0,stoich_pep_median,0.4002076305942202,0.01147042961565965,5
469,global,9,1,1,0.25,int_mean,1.4250782095481553,0.12455104885695917,5
470,global,9,1,1,0.25,int_median,1.4557148294531077,0.12444594090510251,5
471,global,9,1,1,0.25,int_sum,4.158387833348728,1.2032605120107167,5
472,global,9,1,1,0.25,stoich_fraction,0.79423598235917,0.06760774812883791,5
473,global,9,1,1,0.25,stoich_logit,5.657239414741982,0.43093343394328354,5
474,global,9,1,1,0.25,stoich_pep_mean,0.79423598235917,0.06760774812883791,5
475,global,9,1,1,0.25,stoich_pep_median,0.79423598235917,0.06760774812883791,5
476,global,9,1,1,0.5,int_mean,1.4057461385118724,0.10861296542681123,5
477,global,9,1,1,0.5,int_median,1.4010182791431496,0.10920410154353022,5
478,global,9,1,1,0.5,int_sum,3.1598894900842063,0.3172632435833351,5
479,global,9,1,1,0.5,stoich_fraction,1.1256407100905137,0.08472936299450448,5
480,global,9,1,1,0.5,stoich_logit,9.339117622998742,0.6415825267210944,5
481,global,9,1,1,0.5,stoich_pep_mean,1.1256407100905137,0.08472936299450448,5
482,global,9,1,1,0.5,stoich_pep_median,1.1256407100905137,0.08472936299450448,5
483,global,9,1,9,0.0,int_mean,1.3668361436547922,0.15751456629492633,5
484,global,9,1,9,0.0,int_median,1.4148065807973809,0.1403202225283976,5
485,global,9,1,9,0.0,int_sum,3.632375261782225,0.5483872746470085,5
486,global,9,1,9,0.0,stoich_fraction,0.3936318855562688,0.02355657918470567,5
487,global,9,1,9,0.0,stoich_logit,0.17751387306864544,0.03539208211509212,5
488,global,9,1,9,0.0,stoich_pep_mean,0.3936318855562688,0.02355657918470567,5
489,global,9,1,9,0.0,stoich_pep_median,0.3936318855562688,0.02355657918470567,5
490,global,9,1,9,0.25,int_mean,1.4940607416759604,0.14177845700563524,5
491,global,9,1,9,0.25,int_median,1.4998885390637773,0.1381424183200469,5
492,global,9,1,9,0.25,int_sum,4.372047776606465,0.8126041405078979,5
493,global,9,1,9,0.25,stoich_fraction,0.7087552623117952,0.038144665630210545,5
494,global,9,1,9,0.25,stoich_logit,4.95831849072215,0.18937072138111272,5
495,global,9,1,9,0.25,stoich_pep_mean,0.7087552623117952,0.038144665630210545,5
496,global,9,1,9,0.25,stoich_pep_median,0.7087552623117952,0.038144665630210545,5
497,global,9,1,9,0.5,int_mean,1.3274499859846454,0.09456183417133883,5
498,global,9,1,9,0.5,int_median,1.3312022132954482,0.09503481794451443,5
499,global,9,1,9,0.5,int_sum,3.1149717304771225,0.43604847023539495,5
500,global,9,1,9,0.5,stoich_fraction,1.0185830123040058,0.09626220176569018,5
501,global,9,1,9,0.5,stoich_logit,9.206892437165155,0.6431375352616774,5
502,global,9,1,9,0.5,stoich_pep_mean,1.0185830123040058,0.09626220176569018,5
503,global,9,1,9,0.5,stoich_pep_median,1.0185830123040058,0.09626220176569018,5
504,global,9,9,0,0.0,int_mean,1.233025104545632,0.25307427466484683,5
505,global,9,9,0,0.0,int_median,1.3637042073561183,0.21738731244161427,5
506,global,9,9,0,0.0,int_sum,4.999855251362217,0.7677517856360292,5
507,global,9,9,0,0.0,stoich_fraction,1.1490897324236602,0.18589339812729389,5
508,global,9,9,0,0.0,stoich_logit,0.91982599779898,0.26823225512347393,5
509,global,9,9,0,0.0,stoich_pep_mean,1.1490897324236602,0.18589339812729389,5
510,global,9,9,0,0.0,stoich_pep_median,1.1490897324236602,0.18589339812729389,5
511,global,9,9,0,0.25,int_mean,1.5720852385732351,0.30859631640580915,5
512,global,9,9,0,0.25,int_median,1.5859093839248577,0.29923392041300334,5
513,global,9,9,0,0.25,int_sum,3.7008344940014055,0.5924611521401038,5
514,global,9,9,0,0.25,stoich_fraction,1.3020054481759458,0.1676060987703058,5
515,global,9,9,0,0.25,stoich_logit,5.615215418322809,0.5886861320483341,5
516,global,9,9,0,0.25,stoich_pep_mean,1.3020054481759458,0.1676060987703058,5
517,global,9,9,0,0.25,stoich_pep_median,1.3020054481759458,0.1676060987703058,5
518,global,9,9,0,0.5,int_mean,1.9086434145755828,0.2123352379373355,5
519,global,9,9,0,0.5,int_median,1.911976898104244,0.2156489193989148,5
520,global,9,9,0,0.5,int_sum,3.0386929495747297,0.5872118964707349,5
521,global,9,9,0,0.5,stoich_fraction,1.9452113926610248,0.10567989427410598,5
522,global,9,9,0,0.5,stoich_logit,8.733730673388672,0.44133964269300413,5
523,global,9,9,0,0.5,stoich_pep_mean,1.9452113926610248,0.10567989427410598,5
524,global,9,9,0,0.5,stoich_pep_median,1.9452113926610248,0.10567989427410598,5
525,global,9,9,1,0.0,int_mean,0.9242813954784023,0.09802680920723714,5
526,global,9,9,1,0.0,int_median,0.954211746837049,0.09668167630077322,5
527,global,9,9,1,0.0,int_sum,4.609716443373967,1.4353631629347432,5
528,global,9,9,1,0.0,stoich_fraction,1.0249581412501834,0.06243843830856787,5
529,global,9,9,1,0.0,stoich_logit,0.5120520516884892,0.09167476508898478,5
530,global,9,9,1,0.0,stoich_pep_mean,1.0249581412501834,0.06243843830856787,5
531,global,9,9,1,0.0,stoich_pep_median,1.0249581412501834,0.06243843830856787,5
532,global,9,9,1,0.25,int_mean,1.3029637018515614,0.10745466189089092,5
533,global,9,9,1,0.25,int_median,1.317760788528564,0.11232266913417292,5
534,global,9,9,1,0.25,int_sum,3.2134062481631647,0.42757601333707634,5
535,global,9,9,1,0.25,stoich_fraction,1.5367247337762262,0.14460310195748782,5
536,global,9,9,1,0.25,stoich_logit,5.084311333786336,0.33790908420898436,5
537,global,9,9,1,0.25,stoich_pep_mean,1.5367247337762262,0.14460310195748782,5
538,global,9,9,1,0.25,stoich_pep_median,1.5367247337762262,0.14460310195748782,5
539,global,9,9,1,0.5,int_mean,1.5346128049991465,0.1483593750542932,5
540,global,9,9,1,0.5,int_median,1.553058902967332,0.1490449324051125,5
541,global,9,9,1,0.5,int_sum,2.940665544098479,0.17784196802040808,5
542,global,9,9,1,0.5,stoich_fraction,1.6746487434700434,0.06891779974328105,5
543,global,9,9,1,0.5,stoich_logit,8.176449898574475,0.5360908743431081,5
544,global,9,9,1,0.5,stoich_pep_mean,1.6746487434700434,0.06891779974328105,5
545,global,9,9,1,0.5,stoich_pep_median,1.6746487434700434,0.06891779974328105,5
546,global,9,9,9,0.0,int_mean,1.3657577251198119,0.1310044069826406,5
547,global,9,9,9,0.0,int_median,1.4718664014411253,0.13770755035733,5
548,global,9,9,9,0.0,int_sum,3.6370817687692965,0.4101184014245778,5
549,global,9,9,9,0.0,stoich_fraction,0.9841767944672272,0.06577478157224906,5
550,global,9,9,9,0.0,stoich_logit,0.35884422478193184,0.02953986749284271,5
551,global,9,9,9,0.0,stoich_pep_mean,0.9841767944672272,0.06577478157224906,5
552,global,9,9,9,0.0,stoich_pep_median,0.9841767944672272,0.06577478157224906,5
553,global,9,9,9,0.25,int_mean,1.5476159601855368,0.146321310820919,5
554,global,9,9,9,0.25,int_median,1.5604492757397082,0.15348853853457886,5
555,global,9,9,9,0.25,int_sum,4.475116185541118,1.1421111019503083,5
556,global,9,9,9,0.25,stoich_fraction,1.316097254936817,0.125865656119328,5
557,global,9,9,9,0.25,stoich_logit,4.59550118786539,0.2867370174330714,5
558,global,9,9,9,0.25,stoich_pep_mean,1.316097254936817,0.125865656119328,5
559,global,9,9,9,0.25,stoich_pep_median,1.316097254936817,0.125865656119328,5
560,global,9,9,9,0.5,int_mean,1.5466430218148197,0.099343657491843,5
561,global,9,9,9,0.5,int_median,1.5469400236432223,0.10089447687015268,5
562,global,9,9,9,0.5,int_sum,2.8750546594075574,0.4315515704992272,5
563,global,9,9,9,0.5,stoich_fraction,1.2707726040642773,0.06647922040517967,5
564,global,9,9,9,0.5,stoich_logit,7.53354538965917,0.40881888415054674,5
565,global,9,9,9,0.5,stoich_pep_mean,1.2707726040642773,0.06647922040517967,5
566,global,9,9,9,0.5,stoich_pep_median,1.2707726040642773,0.06647922040517967,5
567,bernoulli,0,0,0,0.0,int_mean,0.7347062809224206,0.13028257527708895,5
568,bernoulli,0,0,0,0.0,int_median,0.7973163767980662,0.11246825854333144,5
569,bernoulli,0,0,0,0.0,int_sum,3.2478652004301454,0.5152782045278707,5
570,bernoulli,0,0,0,0.0,stoich_fraction,5.545617425377446e-16,3.54801209609509e-17,5
571,bernoulli,0,0,0,0.0,stoich_logit,1.0034141045585035e-15,1.9131558777655597e-16,5
572,bernoulli,0,0,0,0.0,stoich_pep_mean,5.545617425377446e-16,3.54801209609509e-17,5
573,bernoulli,0,0,0,0.0,stoich_pep_median,5.545617425377446e-16,3.54801209609509e-17,5
574,bernoulli,0,0,0,0.25,int_mean,0.668104909017475,0.14518514598157184,5
575,bernoulli,0,0,0,0.25,int_median,0.6755950159073925,0.15022609124652553,5
576,bernoulli,0,0,0,0.25,int_sum,2.88415169339523,0.3128551407930125,5
577,bernoulli,0,0,0,0.25,stoich_fraction,0.7372170231004725,0.12734465608915044,5
578,bernoulli,0,0,0,0.25,stoich_logit,7.037642829786567,0.7172800065431794,5
579,bernoulli,0,0,0,0.25,stoich_pep_mean,0.7372170231004725,0.12734465608915044,5
580,bernoulli,0,0,0,0.25,stoich_pep_median,0.7372170231004725,0.12734465608915044,5
581,bernoulli,0,0,0,0.5,int_mean,0.7007247282877224,0.058299482698090724,5
582,bernoulli,0,0,0,0.5,int_median,0.7007955802244374,0.05816611926559389,5
583,bernoulli,0,0,0,0.5,int_sum,1.80499242833618,0.1469970642710068,5
584,bernoulli,0,0,0,0.5,stoich_fraction,1.089501993813657,0.11835476368668642,5
585,bernoulli,0,0,0,0.5,stoich_logit,13.316982344745025,0.7537962326158385,5
586,bernoulli,0,0,0,0.5,stoich_pep_mean,1.089501993813657,0.11835476368668642,5
587,bernoulli,0,0,0,0.5,stoich_pep_median,1.089501993813657,0.11835476368668642,5
588,bernoulli,0,0,1,0.0,int_mean,0.7361999979846156,0.1432680438796655,5
589,bernoulli,0,0,1,0.0,int_median,0.8074734104941255,0.1449789254095133,5
590,bernoulli,0,0,1,0.0,int_sum,3.1824523111407315,0.4671931017014134,5
591,bernoulli,0,0,1,0.0,stoich_fraction,5.775749388815346e-16,4.557224629139044e-17,5
592,bernoulli,0,0,1,0.0,stoich_logit,1.5955787744336217e-15,1.7066650075717296e-16,5
593,bernoulli,0,0,1,0.0,stoich_pep_mean,5.775749388815346e-16,4.557224629139044e-17,5
594,bernoulli,0,0,1,0.0,stoich_pep_median,5.775749388815346e-16,4.557224629139044e-17,5
595,bernoulli,0,0,1,0.25,int_mean,0.7844059604693853,0.11335773700011091,5
596,bernoulli,0,0,1,0.25,int_median,0.7980891364085219,0.11786862488281032,5
597,bernoulli,0,0,1,0.25,int_sum,2.671640281619566,0.12794526623798294,5
598,bernoulli,0,0,1,0.25,stoich_fraction,0.9999496773418223,0.09050776003887018,5
599,bernoulli,0,0,1,0.25,stoich_logit,7.348753972352311,0.5641713341505183,5
600,bernoulli,0,0,1,0.25,stoich_pep_mean,0.9999496773418223,0.09050776003887018,5
601,bernoulli,0,0,1,0.25,stoich_pep_median,0.9999496773418223,0.09050776003887018,5
602,bernoulli,0,0,1,0.5,int_mean,0.7907543594185424,0.1524203408720339,5
603,bernoulli,0,0,1,0.5,int_median,0.8099189225325378,0.15381779442961838,5
604,bernoulli,0,0,1,0.5,int_sum,2.1002265692730875,0.259631750205308,5
605,bernoulli,0,0,1,0.5,stoich_fraction,1.2111453476987344,0.033041962105053946,5
606,bernoulli,0,0,1,0.5,stoich_logit,12.79592199589771,0.46167398039355995,5
607,bernoulli,0,0,1,0.5,stoich_pep_mean,1.2111453476987344,0.033041962105053946,5
608,bernoulli,0,0,1,0.5,stoich_pep_median,1.2111453476987344,0.033041962105053946,5
609,bernoulli,0,0,9,0.0,int_mean,0.8222390710433588,0.09389360427502609,5
610,bernoulli,0,0,9,0.0,int_median,0.8163691548126248,0.07689324770791028,5
611,bernoulli,0,0,9,0.0,int_sum,2.8173534218613283,0.3985696039714136,5
612,bernoulli,0,0,9,0.0,stoich_fraction,5.920054911194064e-16,2.8819487874172276e-17,5
613,bernoulli,0,0,9,0.0,stoich_logit,2.961725244507819e-15,6.917783843634114e-16,5
614,bernoulli,0,0,9,0.0,stoich_pep_mean,5.920054911194064e-16,2.8819487874172276e-17,5
615,bernoulli,0,0,9,0.0,stoich_pep_median,5.920054911194064e-16,2.8819487874172276e-17,5
616,bernoulli,0,0,9,0.25,int_mean,0.8721616975026066,0.08069518915954448,5
617,bernoulli,0,0,9,0.25,int_median,0.908569398973162,0.0958654157263532,5
618,bernoulli,0,0,9,0.25,int_sum,3.2083439527025694,0.5570515297162079,5
619,bernoulli,0,0,9,0.25,stoich_fraction,0.7019831689163756,0.09629185252119428,5
620,bernoulli,0,0,9,0.25,stoich_logit,7.620915098621313,0.35008984806630467,5
621,bernoulli,0,0,9,0.25,stoich_pep_mean,0.7019831689163756,0.09629185252119428,5
622,bernoulli,0,0,9,0.25,stoich_pep_median,0.7019831689163756,0.09629185252119428,5
623,bernoulli,0,0,9,0.5,int_mean,0.7171143658187042,0.07525329200978313,5
624,bernoulli,0,0,9,0.5,int_median,0.7339361732943281,0.07830188306367965,5
625,bernoulli,0,0,9,0.5,int_sum,2.4974643828251053,0.18311229951783473,5
626,bernoulli,0,0,9,0.5,stoich_fraction,1.248584553898814,0.029604514907768515,5
627,bernoulli,0,0,9,0.5,stoich_logit,11.976445400345304,0.6449652318751923,5
628,bernoulli,0,0,9,0.5,stoich_pep_mean,1.248584553898814,0.029604514907768515,5
629,bernoulli,0,0,9,0.5,stoich_pep_median,1.248584553898814,0.029604514907768515,5
630,bernoulli,0,1,0,0.0,int_mean,0.8042686532890093,0.15878206125923927,5
631,bernoulli,0,1,0,0.0,int_median,0.8851135226785558,0.16387630265311992,5
632,bernoulli,0,1,0,0.0,int_sum,3.838389505471805,0.6510632228109899,5
633,bernoulli,0,1,0,0.0,stoich_fraction,0.3643875241288249,0.04380850085776288,5
634,bernoulli,0,1,0,0.0,stoich_logit,0.184506134639117,0.05820829147623687,5
635,bernoulli,0,1,0,0.0,stoich_pep_mean,0.3643875241288249,0.04380850085776288,5
636,bernoulli,0,1,0,0.0,stoich_pep_median,0.3643875241288249,0.04380850085776288,5
637,bernoulli,0,1,0,0.25,int_mean,0.7898232734729064,0.12711944216089832,5
638,bernoulli,0,1,0,0.25,int_median,0.8156442715792649,0.12014577968610653,5
639,bernoulli,0,1,0,0.25,int_sum,3.156908627951096,0.8132932425735319,5
640,bernoulli,0,1,0,0.25,stoich_fraction,1.0669457673639315,0.14205065517095197,5
641,bernoulli,0,1,0,0.25,stoich_logit,7.6645773767679986,0.4891666170365617,5
642,bernoulli,0,1,0,0.25,stoich_pep_mean,1.0669457673639315,0.14205065517095197,5
643,bernoulli,0,1,0,0.25,stoich_pep_median,1.0669457673639315,0.14205065517095197,5
644,bernoulli,0,1,0,0.5,int_mean,0.7712865259882303,0.07208840944223473,5
645,bernoulli,0,1,0,0.5,int_median,0.769846300271394,0.07230233600888077,5
646,bernoulli,0,1,0,0.5,int_sum,1.8454273277833928,0.23136504280131842,5
647,bernoulli,0,1,0,0.5,stoich_fraction,1.2886427441318313,0.0553660081820763,5
648,bernoulli,0,1,0,0.5,stoich_logit,12.719000677738233,0.5393622885867193,5
649,bernoulli,0,1,0,0.5,stoich_pep_mean,1.2886427441318313,0.0553660081820763,5
650,bernoulli,0,1,0,0.5,stoich_pep_median,1.2886427441318313,0.0553660081820763,5
651,bernoulli,0,1,1,0.0,int_mean,0.8310551378865639,0.07084548185986572,5
652,bernoulli,0,1,1,0.0,int_median,0.8613788140376929,0.07364474957067757,5
653,bernoulli,0,1,1,0.0,int_sum,4.195895520659493,0.4087185544030775,5
654,bernoulli,0,1,1,0.0,stoich_fraction,0.4096605070939544,0.02957874621335569,5
655,bernoulli,0,1,1,0.0,stoich_logit,0.1170150456798748,0.018250029149611963,5
656,bernoulli,0,1,1,0.0,stoich_pep_mean,0.4096605070939544,0.02957874621335569,5
657,bernoulli,0,1,1,0.0,stoich_pep_median,0.4096605070939544,0.02957874621335569,5
658,bernoulli,0,1,1,0.25,int_mean,0.7526656285852189,0.10215517483304637,5
659,bernoulli,0,1,1,0.25,int_median,0.7695182228782017,0.10219145211866976,5
660,bernoulli,0,1,1,0.25,int_sum,2.820076993103184,0.3809692254387696,5
661,bernoulli,0,1,1,0.25,stoich_fraction,1.040187891134712,0.02511120582737903,5
662,bernoulli,0,1,1,0.25,stoich_logit,8.045341620303816,0.43908452096428774,5
663,bernoulli,0,1,1,0.25,stoich_pep_mean,1.040187891134712,0.02511120582737903,5
664,bernoulli,0,1,1,0.25,stoich_pep_median,1.040187891134712,0.02511120582737903,5
665,bernoulli,0,1,1,0.5,int_mean,0.6931494837424621,0.06351775830235695,5
666,bernoulli,0,1,1,0.5,int_median,0.6929903655294758,0.06399410766658026,5
667,bernoulli,0,1,1,0.5,int_sum,2.2295982389201527,0.27310874794663276,5
668,bernoulli,0,1,1,0.5,stoich_fraction,1.117349704180786,0.04573084179828692,5
669,bernoulli,0,1,1,0.5,stoich_logit,12.570175383961304,0.6499260589830805,5
670,bernoulli,0,1,1,0.5,stoich_pep_mean,1.117349704180786,0.04573084179828692,5
671,bernoulli,0,1,1,0.5,stoich_pep_median,1.117349704180786,0.04573084179828692,5
672,bernoulli,0,1,9,0.0,int_mean,0.9687797781080046,0.10861264016159929,5
673,bernoulli,0,1,9,0.0,int_median,1.026224038694642,0.1115581902313066,5
674,bernoulli,0,1,9,0.0,int_sum,3.561080352145879,0.5824623867709714,5
675,bernoulli,0,1,9,0.0,stoich_fraction,0.3724183409978427,0.01630872544220425,5
676,bernoulli,0,1,9,0.0,stoich_logit,0.1082630545166277,0.02756853073190457,5
677,bernoulli,0,1,9,0.0,stoich_pep_mean,0.3724183409978427,0.01630872544220425,5
678,bernoulli,0,1,9,0.0,stoich_pep_median,0.3724183409978427,0.01630872544220425,5
679,bernoulli,0,1,9,0.25,int_mean,0.8892712261319253,0.11089633293085893,5
680,bernoulli,0,1,9,0.25,int_median,0.8958749556942036,0.11211426120348525,5
681,bernoulli,0,1,9,0.25,int_sum,3.7764746736949517,0.9721316736621234,5
682,bernoulli,0,1,9,0.25,stoich_fraction,0.8580333719035496,0.057183151189299584,5
683,bernoulli,0,1,9,0.25,stoich_logit,6.4708827805618085,0.361120217218766,5
684,bernoulli,0,1,9,0.25,stoich_pep_mean,0.8580333719035496,0.057183151189299584,5
685,bernoulli,0,1,9,0.25,stoich_pep_median,0.8580333719035496,0.057183151189299584,5
686,bernoulli,0,1,9,0.5,int_mean,0.9182501041868273,0.09275611010562343,5
687,bernoulli,0,1,9,0.5,int_median,0.9217110993001022,0.09344958831795772,5
688,bernoulli,0,1,9,0.5,int_sum,3.3488496218890753,0.27399730514035664,5
689,bernoulli,0,1,9,0.5,stoich_fraction,1.0574456088489923,0.13700846076101136,5
690,bernoulli,0,1,9,0.5,stoich_logit,11.55045586906592,0.6594901257792103,5
691,bernoulli,0,1,9,0.5,stoich_pep_mean,1.0574456088489923,0.13700846076101136,5
692,bernoulli,0,1,9,0.5,stoich_pep_median,1.0574456088489923,0.13700846076101136,5
693,bernoulli,0,9,0,0.0,int_mean,0.694848305213249,0.10137656168628308,5
694,bernoulli,0,9,0,0.0,int_median,0.7400359089297808,0.10785575091149142,5
695,bernoulli,0,9,0,0.0,int_sum,3.1811386759790663,0.24776175274976453,5
696,bernoulli,0,9,0,0.0,stoich_fraction,0.9035423485146886,0.09352626425089038,5
697,bernoulli,0,9,0,0.0,stoich_logit,0.3268998721976598,0.05320949854516901,5
698,bernoulli,0,9,0,0.0,stoich_pep_mean,0.9035423485146886,0.09352626425089038,5
699,bernoulli,0,9,0,0.0,stoich_pep_median,0.9035423485146886,0.09352626425089038,5
700,bernoulli,0,9,0,0.25,int_mean,0.8978714235094962,0.10237259858366572,5
701,bernoulli,0,9,0,0.25,int_median,0.9624884174932292,0.11249134993999188,5
702,bernoulli,0,9,0,0.25,int_sum,2.5619017790025596,0.2740912773756198,5
703,bernoulli,0,9,0,0.25,stoich_fraction,1.368006225052176,0.10406146233638708,5
704,bernoulli,0,9,0,0.25,stoich_logit,6.671458948956932,0.8905029343049092,5
705,bernoulli,0,9,0,0.25,stoich_pep_mean,1.368006225052176,0.10406146233638708,5
706,bernoulli,0,9,0,0.25,stoich_pep_median,1.368006225052176,0.10406146233638708,5
707,bernoulli,0,9,0,0.5,int_mean,1.0113743306072693,0.06158064283845195,5
708,bernoulli,0,9,0,0.5,int_median,1.0241960394363052,0.0671571453811731,5
709,bernoulli,0,9,0,0.5,int_sum,3.3263921330736017,0.4425129046546145,5
710,bernoulli,0,9,0,0.5,stoich_fraction,1.6832383063514698,0.15970730443698652,5
711,bernoulli,0,9,0,0.5,stoich_logit,11.031012078466292,0.5729585157926597,5
712,bernoulli,0,9,0,0.5,stoich_pep_mean,1.6832383063514698,0.15970730443698652,5
713,bernoulli,0,9,0,0.5,stoich_pep_median,1.6832383063514698,0.15970730443698652,5
714,bernoulli,0,9,1,0.0,int_mean,0.6835734991696821,0.07174999720088668,5
715,bernoulli,0,9,1,0.0,int_median,0.844065807643722,0.10223794981630556,5
716,bernoulli,0,9,1,0.0,int_sum,3.128107908194443,0.17912509533449614,5
717,bernoulli,0,9,1,0.0,stoich_fraction,0.9814128170119314,0.05929917460454541,5
718,bernoulli,0,9,1,0.0,stoich_logit,0.6714327557375099,0.197248815644241,5
719,bernoulli,0,9,1,0.0,stoich_pep_mean,0.9814128170119314,0.05929917460454541,5
720,bernoulli,0,9,1,0.0,stoich_pep_median,0.9814128170119314,0.05929917460454541,5
721,bernoulli,0,9,1,0.25,int_mean,0.810488344964536,0.10532512198764678,5
722,bernoulli,0,9,1,0.25,int_median,0.8534878700021205,0.10201189346336904,5
723,bernoulli,0,9,1,0.25,int_sum,2.584086264012485,0.5999608212431052,5
724,bernoulli,0,9,1,0.25,stoich_fraction,1.512615561300421,0.10085815792532533,5
725,bernoulli,0,9,1,0.25,stoich_logit,6.931673240267253,0.6564857926673962,5
726,bernoulli,0,9,1,0.25,stoich_pep_mean,1.512615561300421,0.10085815792532533,5
727,bernoulli,0,9,1,0.25,stoich_pep_median,1.512615561300421,0.10085815792532533,5
728,bernoulli,0,9,1,0.5,int_mean,0.9705463165242729,0.10506538258365485,5
729,bernoulli,0,9,1,0.5,int_median,0.9790455527189845,0.1068157643832248,5
730,bernoulli,0,9,1,0.5,int_sum,4.473197851904847,0.41113507654924325,5
731,bernoulli,0,9,1,0.5,stoich_fraction,1.6515012291483284,0.17553738197649532,5
732,bernoulli,0,9,1,0.5,stoich_logit,11.046591119973511,0.5744114227057279,5
733,bernoulli,0,9,1,0.5,stoich_pep_mean,1.6515012291483284,0.17553738197649532,5
734,bernoulli,0,9,1,0.5,stoich_pep_median,1.6515012291483284,0.17553738197649532,5
735,bernoulli,0,9,9,0.0,int_mean,1.2926069123065527,0.06248888583875154,5
736,bernoulli,0,9,9,0.0,int_median,1.3080699810778644,0.06746759077999473,5
737,bernoulli,0,9,9,0.0,int_sum,2.910894474101832,0.21065469176748103,5
738,bernoulli,0,9,9,0.0,stoich_fraction,0.9405446140430399,0.08981558915114202,5
739,bernoulli,0,9,9,0.0,stoich_logit,0.5377387387424158,0.16478816256927273,5
740,bernoulli,0,9,9,0.0,stoich_pep_mean,0.9405446140430399,0.08981558915114202,5
741,bernoulli,0,9,9,0.0,stoich_pep_median,0.9405446140430399,0.08981558915114202,5
742,bernoulli,0,9,9,0.25,int_mean,0.9215599086361047,0.12878401298056644,5
743,bernoulli,0,9,9,0.25,int_median,0.9476887362380312,0.12553846147418624,5
744,bernoulli,0,9,9,0.25,int_sum,2.646511744813549,0.23969628705698545,5
745,bernoulli,0,9,9,0.25,stoich_fraction,1.5666601047486752,0.1897133782136717,5
746,bernoulli,0,9,9,0.25,stoich_logit,6.075100152066654,0.6299468939542785,5
747,bernoulli,0,9,9,0.25,stoich_pep_mean,1.5666601047486752,0.1897133782136717,5
748,bernoulli,0,9,9,0.25,stoich_pep_median,1.5666601047486752,0.1897133782136717,5
749,bernoulli,0,9,9,0.5,int_mean,1.0391747312361805,0.0520399212230119,5
750,bernoulli,0,9,9,0.5,int_median,1.1182030446830447,0.07090213247829374,5
751,bernoulli,0,9,9,0.5,int_sum,3.8142931277605348,1.2602852511343654,5
752,bernoulli,0,9,9,0.5,stoich_fraction,1.3598680018667115,0.10447669822788219,5
753,bernoulli,0,9,9,0.5,stoich_logit,9.353622611962772,0.32416368861628486,5
754,bernoulli,0,9,9,0.5,stoich_pep_mean,1.3598680018667115,0.10447669822788219,5
755,bernoulli,0,9,9,0.5,stoich_pep_median,1.3598680018667115,0.10447669822788219,5
756,bernoulli,1,0,0,0.0,int_mean,0.8355140156800355,0.13261958759952985,5
757,bernoulli,1,0,0,0.0,int_median,0.8882371275648925,0.1262272275798465,5
758,bernoulli,1,0,0,0.0,int_sum,2.818628551677361,0.3521254744607137,5
759,bernoulli,1,0,0,0.0,stoich_fraction,5.135126409838062e-16,4.459281019072688e-18,5
760,bernoulli,1,0,0,0.0,stoich_logit,1.1321454301781535e-15,1.6089733570873827e-16,5
761,bernoulli,1,0,0,0.0,stoich_pep_mean,5.135126409838062e-16,4.459281019072688e-18,5
762,bernoulli,1,0,0,0.0,stoich_pep_median,5.135126409838062e-16,4.459281019072688e-18,5
763,bernoulli,1,0,0,0.25,int_mean,0.8388066173386844,0.14565598167551314,5
764,bernoulli,1,0,0,0.25,int_median,0.8554982605218873,0.14581566960426615,5
765,bernoulli,1,0,0,0.25,int_sum,3.323466001779478,0.40708193192800257,5
766,bernoulli,1,0,0,0.25,stoich_fraction,0.7768388038973979,0.1363200445837916,5
767,bernoulli,1,0,0,0.25,stoich_logit,6.917659857200538,0.6594413937967739,5
768,bernoulli,1,0,0,0.25,stoich_pep_mean,0.7768388038973979,0.1363200445837916,5
769,bernoulli,1,0,0,0.25,stoich_pep_median,0.7768388038973979,0.1363200445837916,5
770,bernoulli,1,0,0,0.5,int_mean,0.8475730413787854,0.10424381846969846,5
771,bernoulli,1,0,0,0.5,int_median,0.8462470228588537,0.10512254633847996,5
772,bernoulli,1,0,0,0.5,int_sum,1.661869481895194,0.1763108858007121,5
773,bernoulli,1,0,0,0.5,stoich_fraction,1.31537425238522,0.04813902109646476,5
774,bernoulli,1,0,0,0.5,stoich_logit,12.860381775605763,0.6390849682495929,5
775,bernoulli,1,0,0,0.5,stoich_pep_mean,1.31537425238522,0.04813902109646476,5
776,bernoulli,1,0,0,0.5,stoich_pep_median,1.31537425238522,0.04813902109646476,5
777,bernoulli,1,0,1,0.0,int_mean,0.8951099650232358,0.15852474659094706,5
778,bernoulli,1,0,1,0.0,int_median,0.9455460038846603,0.1445454372728109,5
779,bernoulli,1,0,1,0.0,int_sum,3.293829568915895,0.4817858138402371,5
780,bernoulli,1,0,1,0.0,stoich_fraction,4.842484835039277e-16,2.7145468677581654e-17,5
781,bernoulli,1,0,1,0.0,stoich_logit,1.219489654721335e-15,9.181949729137136e-17,5
782,bernoulli,1,0,1,0.0,stoich_pep_mean,4.842484835039277e-16,2.7145468677581654e-17,5
783,bernoulli,1,0,1,0.0,stoich_pep_median,4.842484835039277e-16,2.7145468677581654e-17,5
784,bernoulli,1,0,1,0.25,int_mean,0.7931218881040134,0.08650263136100693,5
785,bernoulli,1,0,1,0.25,int_median,0.806666321344293,0.08641147093991101,5
786,bernoulli,1,0,1,0.25,int_sum,2.842544333283717,0.512133950091499,5
787,bernoulli,1,0,1,0.25,stoich_fraction,0.6563354325059658,0.09442768093711588,5
788,bernoulli,1,0,1,0.25,stoich_logit,7.596789438566996,0.4045670981556355,5
789,bernoulli,1,0,1,0.25,stoich_pep_mean,0.6563354325059658,0.09442768093711588,5
790,bernoulli,1,0,1,0.25,stoich_pep_median,0.6563354325059658,0.09442768093711588,5
791,bernoulli,1,0,1,0.5,int_mean,1.0348113671716725,0.1247795728816016,5
792,bernoulli,1,0,1,0.5,int_median,1.0391789981970825,0.12455695077703523,5
793,bernoulli,1,0,1,0.5,int_sum,2.1679700004206266,0.22929039663484072,5
794,bernoulli,1,0,1,0.5,stoich_fraction,1.2725586059348402,0.14910921785090686,5
795,bernoulli,1,0,1,0.5,stoich_logit,12.258958121301623,0.6837558651135776,5
796,bernoulli,1,0,1,0.5,stoich_pep_mean,1.2725586059348402,0.14910921785090686,5
797,bernoulli,1,0,1,0.5,stoich_pep_median,1.2725586059348402,0.14910921785090686,5
798,bernoulli,1,0,9,0.0,int_mean,1.0390221418264567,0.16937908244337158,5
799,bernoulli,1,0,9,0.0,int_median,1.1112872521375858,0.16403708378149393,5
800,bernoulli,1,0,9,0.0,int_sum,4.124845253463655,0.315947617051801,5
801,bernoulli,1,0,9,0.0,stoich_fraction,4.894622388255635e-16,1.6256448633507616e-17,5
802,bernoulli,1,0,9,0.0,stoich_logit,1.4206578373083503e-15,2.090270611951237e-16,5
803,bernoulli,1,0,9,0.0,stoich_pep_mean,4.894622388255635e-16,1.6256448633507616e-17,5
804,bernoulli,1,0,9,0.0,stoich_pep_median,4.894622388255635e-16,1.6256448633507616e-17,5
805,bernoulli,1,0,9,0.25,int_mean,0.8520270688945402,0.06807901810001352,5
806,bernoulli,1,0,9,0.25,int_median,0.860530286809132,0.06902469030599045,5
807,bernoulli,1,0,9,0.25,int_sum,2.810087938714548,0.3447499246654233,5
808,bernoulli,1,0,9,0.25,stoich_fraction,0.5999980819110038,0.06095645462868645,5
809,bernoulli,1,0,9,0.25,stoich_logit,6.0937822379944135,0.4075738551402678,5
810,bernoulli,1,0,9,0.25,stoich_pep_mean,0.5999980819110038,0.06095645462868645,5
811,bernoulli,1,0,9,0.25,stoich_pep_median,0.5999980819110038,0.06095645462868645,5
812,bernoulli,1,0,9,0.5,int_mean,1.0121011082263582,0.11186812440457848,5
813,bernoulli,1,0,9,0.5,int_median,1.0263512791058613,0.10973745354320416,5
814,bernoulli,1,0,9,0.5,int_sum,5.282599135693472,1.7463469382957348,5
815,bernoulli,1,0,9,0.5,stoich_fraction,1.18767779293768,0.12652598161295286,5
816,bernoulli,1,0,9,0.5,stoich_logit,11.325266440934035,0.8421692514608689,5
817,bernoulli,1,0,9,0.5,stoich_pep_mean,1.18767779293768,0.12652598161295286,5
818,bernoulli,1,0,9,0.5,stoich_pep_median,1.18767779293768,0.12652598161295286,5
819,bernoulli,1,1,0,0.0,int_mean,0.8286987068225183,0.0937952749924546,5
820,bernoulli,1,1,0,0.0,int_median,0.8766585059945216,0.1105629448566416,5
821,bernoulli,1,1,0,0.0,int_sum,3.5062164819896524,0.24900010700423836,5
822,bernoulli,1,1,0,0.0,stoich_fraction,0.3727151531118983,0.02389635922470808,5
823,bernoulli,1,1,0,0.0,stoich_logit,0.1338926700401108,0.013097602046089564,5
824,bernoulli,1,1,0,0.0,stoich_pep_mean,0.3727151531118983,0.02389635922470808,5
825,bernoulli,1,1,0,0.0,stoich_pep_median,0.3727151531118983,0.02389635922470808,5
826,bernoulli,1,1,0,0.25,int_mean,0.9842889400415376,0.19127655702852225,5
827,bernoulli,1,1,0,0.25,int_median,0.9952588232699515,0.19064382818278214,5
828,bernoulli,1,1,0,0.25,int_sum,2.4768361658352807,0.1763877977278722,5
829,bernoulli,1,1,0,0.25,stoich_fraction,1.0078315805920348,0.07373193118266948,5
830,bernoulli,1,1,0,0.25,stoich_logit,6.397409408811886,0.47652286751672146,5
831,bernoulli,1,1,0,0.25,stoich_pep_mean,1.0078315805920348,0.07373193118266948,5
832,bernoulli,1,1,0,0.25,stoich_pep_median,1.0078315805920348,0.07373193118266948,5
833,bernoulli,1,1,0,0.5,int_mean,0.8981566640957525,0.08297334062564551,5
834,bernoulli,1,1,0,0.5,int_median,0.8943690105157543,0.08220261088030262,5
835,bernoulli,1,1,0,0.5,int_sum,2.3939200772078415,0.457869557185673,5
836,bernoulli,1,1,0,0.5,stoich_fraction,1.1904217283342813,0.11524530381347901,5
837,bernoulli,1,1,0,0.5,stoich_logit,11.88986700042205,0.4797558936037866,5
838,bernoulli,1,1,0,0.5,stoich_pep_mean,1.1904217283342813,0.11524530381347901,5
839,bernoulli,1,1,0,0.5,stoich_pep_median,1.1904217283342813,0.11524530381347901,5
840,bernoulli,1,1,1,0.0,int_mean,0.8702381990781973,0.16329093670665018,5
841,bernoulli,1,1,1,0.0,int_median,0.8891566508479032,0.1791970577498681,5
842,bernoulli,1,1,1,0.0,int_sum,3.534060633833974,0.3518936916396643,5
843,bernoulli,1,1,1,0.0,stoich_fraction,0.4267525056349643,0.031765675093701214,5
844,bernoulli,1,1,1,0.0,stoich_logit,0.18535516962914225,0.06043094355642786,5
845,bernoulli,1,1,1,0.0,stoich_pep_mean,0.4267525056349643,0.031765675093701214,5
846,bernoulli,1,1,1,0.0,stoich_pep_median,0.4267525056349643,0.031765675093701214,5
847,bernoulli,1,1,1,0.25,int_mean,0.7449247304494062,0.07196959249589269,5
848,bernoulli,1,1,1,0.25,int_median,0.7580124059043098,0.0725673115509295,5
849,bernoulli,1,1,1,0.25,int_sum,2.7807399662752643,0.3772262206379275,5
850,bernoulli,1,1,1,0.25,stoich_fraction,0.738669885064825,0.06530847811610326,5
851,bernoulli,1,1,1,0.25,stoich_logit,6.313854573898418,0.3502094304802393,5
852,bernoulli,1,1,1,0.25,stoich_pep_mean,0.738669885064825,0.06530847811610326,5
853,bernoulli,1,1,1,0.25,stoich_pep_median,0.738669885064825,0.06530847811610326,5
854,bernoulli,1,1,1,0.5,int_mean,0.9167743628176431,0.07924353645618736,5
855,bernoulli,1,1,1,0.5,int_median,0.916202401066317,0.0783602540159935,5
856,bernoulli,1,1,1,0.5,int_sum,2.454784266486377,0.6832751069897842,5
857,bernoulli,1,1,1,0.5,stoich_fraction,1.3357448622477388,0.1356796700443283,5
858,bernoulli,1,1,1,0.5,stoich_logit,13.063580941685888,0.43127968820229434,5
859,bernoulli,1,1,1,0.5,stoich_pep_mean,1.3357448622477388,0.1356796700443283,5
860,bernoulli,1,1,1,0.5,stoich_pep_median,1.3357448622477388,0.1356796700443283,5
861,bernoulli,1,1,9,0.0,int_mean,1.043579497888138,0.05632908080167783,5
862,bernoulli,1,1,9,0.0,int_median,1.067380319575984,0.04918954475185463,5
863,bernoulli,1,1,9,0.0,int_sum,4.694982370170424,1.1088083377453717,5
864,bernoulli,1,1,9,0.0,stoich_fraction,0.42744523366961246,0.023660259353322832,5
865,bernoulli,1,1,9,0.0,stoich_logit,0.13467338907283113,0.03481039044630684,5
866,bernoulli,1,1,9,0.0,stoich_pep_mean,0.42744523366961246,0.023660259353322832,5
867,bernoulli,1,1,9,0.0,stoich_pep_median,0.42744523366961246,0.023660259353322832,5
868,bernoulli,1,1,9,0.25,int_mean,1.0409714111413926,0.08707179425666615,5
869,bernoulli,1,1,9,0.25,int_median,1.0601460888004153,0.0845066939370162,5
870,bernoulli,1,1,9,0.25,int_sum,2.94865904037771,0.2776726459575923,5
871,bernoulli,1,1,9,0.25,stoich_fraction,0.7810716421514636,0.04432666891950024,5
872,bernoulli,1,1,9,0.25,stoich_logit,6.040816135478013,0.4775787419004554,5
873,bernoulli,1,1,9,0.25,stoich_pep_mean,0.7810716421514636,0.04432666891950024,5
874,bernoulli,1,1,9,0.25,stoich_pep_median,0.7810716421514636,0.04432666891950024,5
875,bernoulli,1,1,9,0.5,int_mean,1.009360160409908,0.022831095755824572,5
876,bernoulli,1,1,9,0.5,int_median,1.012087740194131,0.021734016131218274,5
877,bernoulli,1,1,9,0.5,int_sum,3.1731772236739504,0.564581199826204,5
878,bernoulli,1,1,9,0.5,stoich_fraction,1.2545649723665764,0.05925459549238146,5
879,bernoulli,1,1,9,0.5,stoich_logit,10.680312859517716,0.6094290394137437,5
880,bernoulli,1,1,9,0.5,stoich_pep_mean,1.2545649723665764,0.05925459549238146,5
881,bernoulli,1,1,9,0.5,stoich_pep_median,1.2545649723665764,0.05925459549238146,5
882,bernoulli,1,9,0,0.0,int_mean,0.8436875119179013,0.15872459565896158,5
883,bernoulli,1,9,0,0.0,int_median,0.9010129403757695,0.16960697121028026,5
884,bernoulli,1,9,0,0.0,int_sum,3.71588836423075,0.250549834682273,5
885,bernoulli,1,9,0,0.0,stoich_fraction,0.996523894736811,0.09634715274232884,5
886,bernoulli,1,9,0,0.0,stoich_logit,0.5615851027910369,0.2067118710177729,5
887,bernoulli,1,9,0,0.0,stoich_pep_mean,0.996523894736811,0.09634715274232884,5
888,bernoulli,1,9,0,0.0,stoich_pep_median,0.996523894736811,0.09634715274232884,5
889,bernoulli,1,9,0,0.25,int_mean,0.9521984768751844,0.0732620157697139,5
890,bernoulli,1,9,0,0.25,int_median,0.9967249493711755,0.08352093147268455,5
891,bernoulli,1,9,0,0.25,int_sum,3.1263889822293183,0.2889086089694932,5
892,bernoulli,1,9,0,0.25,stoich_fraction,1.6488046496234972,0.15378223887101808,5
893,bernoulli,1,9,0,0.25,stoich_logit,7.005223543424455,0.35477560000777225,5
894,bernoulli,1,9,0,0.25,stoich_pep_mean,1.6488046496234972,0.15378223887101808,5
895,bernoulli,1,9,0,0.25,stoich_pep_median,1.6488046496234972,0.15378223887101808,5
896,bernoulli,1,9,0,0.5,int_mean,1.070875100797048,0.13084721285693843,5
897,bernoulli,1,9,0,0.5,int_median,1.105755074096166,0.13974724198012842,5
898,bernoulli,1,9,0,0.5,int_sum,3.3464457128544205,0.5865509339807442,5
899,bernoulli,1,9,0,0.5,stoich_fraction,1.3336064069584128,0.06286093129857459,5
900,bernoulli,1,9,0,0.5,stoich_logit,10.529120591032548,0.7863020235087305,5
901,bernoulli,1,9,0,0.5,stoich_pep_mean,1.3336064069584128,0.06286093129857459,5
902,bernoulli,1,9,0,0.5,stoich_pep_median,1.3336064069584128,0.06286093129857459,5
903,bernoulli,1,9,1,0.0,int_mean,0.6447255148477069,0.01603853529628437,5
904,bernoulli,1,9,1,0.0,int_median,0.7933258426467192,0.1010841698056248,5
905,bernoulli,1,9,1,0.0,int_sum,3.136699028766123,0.48157600472733836,5
906,bernoulli,1,9,1,0.0,stoich_fraction,1.0293431355756955,0.05443642691423491,5
907,bernoulli,1,9,1,0.0,stoich_logit,0.4110825883985202,0.09216840581502506,5
908,bernoulli,1,9,1,0.0,stoich_pep_mean,1.0293431355756955,0.05443642691423491,5
909,bernoulli,1,9,1,0.0,stoich_pep_median,1.0293431355756955,0.05443642691423491,5
910,bernoulli,1,9,1,0.25,int_mean,0.8113440805613606,0.11331626169593763,5
911,bernoulli,1,9,1,0.25,int_median,0.8583957549594008,0.120337046388733,5
912,bernoulli,1,9,1,0.25,int_sum,2.5290066114803733,0.47633657111847855,5
913,bernoulli,1,9,1,0.25,stoich_fraction,1.475194265852259,0.08893791681418131,5
914,bernoulli,1,9,1,0.25,stoich_logit,6.1058248829689505,0.5327660782737502,5
915,bernoulli,1,9,1,0.25,stoich_pep_mean,1.475194265852259,0.08893791681418131,5
916,bernoulli,1,9,1,0.25,stoich_pep_median,1.475194265852259,0.08893791681418131,5
917,bernoulli,1,9,1,0.5,int_mean,1.0508883104328697,0.038050736418051914,5
918,bernoulli,1,9,1,0.5,int_median,1.0698295324672467,0.043655812849307016,5
919,bernoulli,1,9,1,0.5,int_sum,2.957010067725938,0.26686400780340386,5
920,bernoulli,1,9,1,0.5,stoich_fraction,1.5076337023839834,0.0907622167821934,5
921,bernoulli,1,9,1,0.5,stoich_logit,11.174624343023941,0.372142367673064,5
922,bernoulli,1,9,1,0.5,stoich_pep_mean,1.5076337023839834,0.0907622167821934,5
923,bernoulli,1,9,1,0.5,stoich_pep_median,1.5076337023839834,0.0907622167821934,5
924,bernoulli,1,9,9,0.0,int_mean,1.1107890315254276,0.1481249112076182,5
925,bernoulli,1,9,9,0.0,int_median,1.1409986286426854,0.1601443131450993,5
926,bernoulli,1,9,9,0.0,int_sum,2.8008959826842648,0.14877021863639212,5
927,bernoulli,1,9,9,0.0,stoich_fraction,1.0974316312172094,0.12158627219286584,5
928,bernoulli,1,9,9,0.0,stoich_logit,0.39057097990276024,0.08909076157332937,5
929,bernoulli,1,9,9,0.0,stoich_pep_mean,1.0974316312172094,0.12158627219286584,5
930,bernoulli,1,9,9,0.0,stoich_pep_median,1.0974316312172094,0.12158627219286584,5
931,bernoulli,1,9,9,0.25,int_mean,1.0556359324137667,0.12326437144994329,5
932,bernoulli,1,9,9,0.25,int_median,1.0760315724658454,0.13066610692777073,5
933,bernoulli,1,9,9,0.25,int_sum,4.09021274797292,0.8062271702029994,5
934,bernoulli,1,9,9,0.25,stoich_fraction,1.5092073081425474,0.07616708824605442,5
935,bernoulli,1,9,9,0.25,stoich_logit,5.9179423254854555,0.8676564260801183,5
936,bernoulli,1,9,9,0.25,stoich_pep_mean,1.5092073081425474,0.07616708824605442,5
937,bernoulli,1,9,9,0.25,stoich_pep_median,1.5092073081425474,0.07616708824605442,5
938,bernoulli,1,9,9,0.5,int_mean,1.0669452186560702,0.09762791350511418,5
939,bernoulli,1,9,9,0.5,int_median,1.0799677037258397,0.09006357875892865,5
940,bernoulli,1,9,9,0.5,int_sum,3.541765139637542,0.7905685689024377,5
941,bernoulli,1,9,9,0.5,stoich_fraction,1.5952068890926143,0.09706540476565292,5
942,bernoulli,1,9,9,0.5,stoich_logit,9.037088108658725,0.706272632935427,5
943,bernoulli,1,9,9,0.5,stoich_pep_mean,1.5952068890926143,0.09706540476565292,5
944,bernoulli,1,9,9,0.5,stoich_pep_median,1.5952068890926143,0.09706540476565292,5
945,bernoulli,9,0,0,0.0,int_mean,1.400084620647623,0.18874089591052118,5
946,bernoulli,9,0,0,0.0,int_median,1.4520787870597671,0.18407769561839182,5
947,bernoulli,9,0,0,0.0,int_sum,4.57983536450972,0.9365360327029324,5
948,bernoulli,9,0,0,0.0,stoich_fraction,4.778072395882489e-16,1.875103071649638e-17,5
949,bernoulli,9,0,0,0.0,stoich_logit,1.0917589449510662e-15,1.6216324353625995e-16,5
950,bernoulli,9,0,0,0.0,stoich_pep_mean,4.778072395882489e-16,1.875103071649638e-17,5
951,bernoulli,9,0,0,0.0,stoich_pep_median,4.778072395882489e-16,1.875103071649638e-17,5
952,bernoulli,9,0,0,0.25,int_mean,1.4586189557385012,0.1345429633099733,5
953,bernoulli,9,0,0,0.25,int_median,1.4675224898647279,0.1365653643836251,5
954,bernoulli,9,0,0,0.25,int_sum,3.4887648874575725,0.9630535134901391,5
955,bernoulli,9,0,0,0.25,stoich_fraction,0.7011817273088108,0.14409653899021374,5
956,bernoulli,9,0,0,0.25,stoich_logit,5.840949288864996,0.5878816728571109,5
957,bernoulli,9,0,0,0.25,stoich_pep_mean,0.7011817273088108,0.14409653899021374,5
958,bernoulli,9,0,0,0.25,stoich_pep_median,0.7011817273088108,0.14409653899021374,5
959,bernoulli,9,0,0,0.5,int_mean,1.669531268207637,0.17852015997401136,5
960,bernoulli,9,0,0,0.5,int_median,1.6678756758923057,0.17715438973382253,5
961,bernoulli,9,0,0,0.5,int_sum,2.171752634117886,0.13214144679884712,5
962,bernoulli,9,0,0,0.5,stoich_fraction,1.1065641584407329,0.03379474553117823,5
963,bernoulli,9,0,0,0.5,stoich_logit,10.194808811111955,0.6377005348104442,5
964,bernoulli,9,0,0,0.5,stoich_pep_mean,1.1065641584407329,0.03379474553117823,5
965,bernoulli,9,0,0,0.5,stoich_pep_median,1.1065641584407329,0.03379474553117823,5
966,bernoulli,9,0,1,0.0,int_mean,1.2703891210038856,0.3040116017964509,5
967,bernoulli,9,0,1,0.0,int_median,1.3050380950410532,0.29793804431256066,5
968,bernoulli,9,0,1,0.0,int_sum,4.944939312684744,1.7293652323847146,5
969,bernoulli,9,0,1,0.0,stoich_fraction,4.644886973844451e-16,9.547125496971068e-18,5
970,bernoulli,9,0,1,0.0,stoich_logit,1.1387151392414625e-15,9.168284080338937e-17,5
971,bernoulli,9,0,1,0.0,stoich_pep_mean,4.644886973844451e-16,9.547125496971068e-18,5
972,bernoulli,9,0,1,0.0,stoich_pep_median,4.644886973844451e-16,9.547125496971068e-18,5
973,bernoulli,9,0,1,0.25,int_mean,1.1509393910535237,0.08341560258258682,5
974,bernoulli,9,0,1,0.25,int_median,1.1597595812414736,0.09254747901136375,5
975,bernoulli,9,0,1,0.25,int_sum,2.7360043958016167,0.632491827009862,5
976,bernoulli,9,0,1,0.25,stoich_fraction,0.5500435414431062,0.07628053503524493,5
977,bernoulli,9,0,1,0.25,stoich_logit,5.693067277344397,0.3667611774557586,5
978,bernoulli,9,0,1,0.25,stoich_pep_mean,0.5500435414431062,0.07628053503524493,5
979,bernoulli,9,0,1,0.25,stoich_pep_median,0.5500435414431062,0.07628053503524493,5
980,bernoulli,9,0,1,0.5,int_mean,1.4617875457443912,0.09196291701613896,5
981,bernoulli,9,0,1,0.5,int_median,1.4652729576020707,0.09110734679683426,5
982,bernoulli,9,0,1,0.5,int_sum,2.510149538915875,0.33342776069396657,5
983,bernoulli,9,0,1,0.5,stoich_fraction,1.1369952542460648,0.14586068390365783,5
984,bernoulli,9,0,1,0.5,stoich_logit,9.492779240330123,0.4977916212490975,5
985,bernoulli,9,0,1,0.5,stoich_pep_mean,1.1369952542460648,0.14586068390365783,5
986,bernoulli,9,0,1,0.5,stoich_pep_median,1.1369952542460648,0.14586068390365783,5
987,bernoulli,9,0,9,0.0,int_mean,1.600216504355598,0.0753548329644617,5
988,bernoulli,9,0,9,0.0,int_median,1.6425256573261635,0.053088494888894736,5
989,bernoulli,9,0,9,0.0,int_sum,4.260116757244317,0.547133200972388,5
990,bernoulli,9,0,9,0.0,stoich_fraction,4.803724960504242e-16,2.089842267803874e-17,5
991,bernoulli,9,0,9,0.0,stoich_logit,1.8349996616523513e-15,4.742525371188853e-16,5
992,bernoulli,9,0,9,0.0,stoich_pep_mean,4.803724960504242e-16,2.089842267803874e-17,5
993,bernoulli,9,0,9,0.0,stoich_pep_median,4.803724960504242e-16,2.089842267803874e-17,5
994,bernoulli,9,0,9,0.25,int_mean,1.4088866554333477,0.12134352000125054,5
995,bernoulli,9,0,9,0.25,int_median,1.4262904111985055,0.12163710575962873,5
996,bernoulli,9,0,9,0.25,int_sum,2.7517566176363886,0.22917797141076446,5
997,bernoulli,9,0,9,0.25,stoich_fraction,0.6039313949836591,0.06090715457095355,5
998,bernoulli,9,0,9,0.25,stoich_logit,5.904065195940585,0.44197641603601673,5
999,bernoulli,9,0,9,0.25,stoich_pep_mean,0.6039313949836591,0.06090715457095355,5
1000,bernoulli,9,0,9,0.25,stoich_pep_median,0.6039313949836591,0.06090715457095355,5
1001,bernoulli,9,0,9,0.5,int_mean,1.3801143907063615,0.08674020341714768,5
1002,bernoulli,9,0,9,0.5,int_median,1.3852180600621093,0.08746091301434167,5
1003,bernoulli,9,0,9,0.5,int_sum,3.1232192877039324,0.6554266344449146,5
1004,bernoulli,9,0,9,0.5,stoich_fraction,0.8309823276318256,0.0921034434260161,5
1005,bernoulli,9,0,9,0.5,stoich_logit,8.880985374954458,0.17374185870278055,5
1006,bernoulli,9,0,9,0.5,stoich_pep_mean,0.8309823276318256,0.0921034434260161,5
1007,bernoulli,9,0,9,0.5,stoich_pep_median,0.8309823276318256,0.0921034434260161,5
1008,bernoulli,9,1,0,0.0,int_mean,1.2166402636987477,0.2264173284763529,5
1009,bernoulli,9,1,0,0.0,int_median,1.2534759447395813,0.21695094442267712,5
1010,bernoulli,9,1,0,0.0,int_sum,4.0307783657182,0.06312474685357537,5
1011,bernoulli,9,1,0,0.0,stoich_fraction,0.33990229045576664,0.009936888216662155,5
1012,bernoulli,9,1,0,0.0,stoich_logit,0.1379146864436501,0.014281885572515095,5
1013,bernoulli,9,1,0,0.0,stoich_pep_mean,0.33990229045576664,0.009936888216662155,5
1014,bernoulli,9,1,0,0.0,stoich_pep_median,0.33990229045576664,0.009936888216662155,5
1015,bernoulli,9,1,0,0.25,int_mean,1.1805117525393376,0.13281475478938867,5
1016,bernoulli,9,1,0,0.25,int_median,1.1783789770531228,0.13467975923301684,5
1017,bernoulli,9,1,0,0.25,int_sum,2.7075264722869443,0.460876725591392,5
1018,bernoulli,9,1,0,0.25,stoich_fraction,0.8051114961788336,0.10722678594400677,5
1019,bernoulli,9,1,0,0.25,stoich_logit,5.970439152947764,0.7033787743686558,5
1020,bernoulli,9,1,0,0.25,stoich_pep_mean,0.8051114961788336,0.10722678594400677,5
1021,bernoulli,9,1,0,0.25,stoich_pep_median,0.8051114961788336,0.10722678594400677,5
1022,bernoulli,9,1,0,0.5,int_mean,1.2555380874578754,0.057198468708471895,5
1023,bernoulli,9,1,0,0.5,int_median,1.2590043362844814,0.0588843468292054,5
1024,bernoulli,9,1,0,0.5,int_sum,2.771083096600104,0.5066162117102685,5
1025,bernoulli,9,1,0,0.5,stoich_fraction,1.1827276261581794,0.06785824624834715,5
1026,bernoulli,9,1,0,0.5,stoich_logit,9.27184097414539,0.3534138008794398,5
1027,bernoulli,9,1,0,0.5,stoich_pep_mean,1.1827276261581794,0.06785824624834715,5
1028,bernoulli,9,1,0,0.5,stoich_pep_median,1.1827276261581794,0.06785824624834715,5
1029,bernoulli,9,1,1,0.0,int_mean,1.4602058501552517,0.2616168329055911,5
1030,bernoulli,9,1,1,0.0,int_median,1.5435026235240863,0.26956617396979365,5
1031,bernoulli,9,1,1,0.0,int_sum,5.414736109648205,1.5499594162435761,5
1032,bernoulli,9,1,1,0.0,stoich_fraction,0.410697317180351,0.03372792773616436,5
1033,bernoulli,9,1,1,0.0,stoich_logit,0.14243729827860124,0.043570958373898815,5
1034,bernoulli,9,1,1,0.0,stoich_pep_mean,0.410697317180351,0.03372792773616436,5
1035,bernoulli,9,1,1,0.0,stoich_pep_median,0.410697317180351,0.03372792773616436,5
1036,bernoulli,9,1,1,0.25,int_mean,1.458960830315601,0.10879218858348284,5
1037,bernoulli,9,1,1,0.25,int_median,1.4606426715982566,0.1095048946841956,5
1038,bernoulli,9,1,1,0.25,int_sum,3.3617808839309533,0.5276391844559838,5
1039,bernoulli,9,1,1,0.25,stoich_fraction,0.8904921137445851,0.10157622231036456,5
1040,bernoulli,9,1,1,0.25,stoich_logit,5.385727752752457,0.26787916431196485,5
1041,bernoulli,9,1,1,0.25,stoich_pep_mean,0.8904921137445851,0.10157622231036456,5
1042,bernoulli,9,1,1,0.25,stoich_pep_median,0.8904921137445851,0.10157622231036456,5
1043,bernoulli,9,1,1,0.5,int_mean,1.605148153129398,0.11492360496541125,5
1044,bernoulli,9,1,1,0.5,int_median,1.6190664422670487,0.11604391332412814,5
1045,bernoulli,9,1,1,0.5,int_sum,3.376706351973848,0.7563256092991216,5
1046,bernoulli,9,1,1,0.5,stoich_fraction,1.1914834604206157,0.06319744162978218,5
1047,bernoulli,9,1,1,0.5,stoich_logit,9.009874671351957,0.5998021714576695,5
1048,bernoulli,9,1,1,0.5,stoich_pep_mean,1.1914834604206157,0.06319744162978218,5
1049,bernoulli,9,1,1,0.5,stoich_pep_median,1.1914834604206157,0.06319744162978218,5
1050,bernoulli,9,1,9,0.0,int_mean,1.470208256453784,0.18673769692556982,5
1051,bernoulli,9,1,9,0.0,int_median,1.4853552965876033,0.1644730763894463,5
1052,bernoulli,9,1,9,0.0,int_sum,4.2780305385003405,0.8347262348160551,5
1053,bernoulli,9,1,9,0.0,stoich_fraction,0.4184932290548308,0.026672419533775023,5
1054,bernoulli,9,1,9,0.0,stoich_logit,0.1081190332255872,0.016509935492954275,5
1055,bernoulli,9,1,9,0.0,stoich_pep_mean,0.4184932290548308,0.026672419533775023,5
1056,bernoulli,9,1,9,0.0,stoich_pep_median,0.4184932290548308,0.026672419533775023,5
1057,bernoulli,9,1,9,0.25,int_mean,1.5954861404652716,0.05855619758908956,5
1058,bernoulli,9,1,9,0.25,int_median,1.6194838993323752,0.07002454963818439,5
1059,bernoulli,9,1,9,0.25,int_sum,3.4738238309331964,0.4178622475806029,5
1060,bernoulli,9,1,9,0.25,stoich_fraction,0.8303618140057715,0.1413379651195284,5
1061,bernoulli,9,1,9,0.25,stoich_logit,5.727422102817951,0.3115530430802883,5
1062,bernoulli,9,1,9,0.25,stoich_pep_mean,0.8303618140057715,0.1413379651195284,5
1063,bernoulli,9,1,9,0.25,stoich_pep_median,0.8303618140057715,0.1413379651195284,5
1064,bernoulli,9,1,9,0.5,int_mean,1.5103956676198034,0.1543568638944871,5
1065,bernoulli,9,1,9,0.5,int_median,1.5244583866420203,0.14684696473494932,5
1066,bernoulli,9,1,9,0.5,int_sum,2.6356401722949796,0.4492839726332905,5
1067,bernoulli,9,1,9,0.5,stoich_fraction,1.0726247542367804,0.1117697800842217,5
1068,bernoulli,9,1,9,0.5,stoich_logit,9.178791736600388,0.51443461778964,5
1069,bernoulli,9,1,9,0.5,stoich_pep_mean,1.0726247542367804,0.1117697800842217,5
1070,bernoulli,9,1,9,0.5,stoich_pep_median,1.0726247542367804,0.1117697800842217,5
1071,bernoulli,9,9,0,0.0,int_mean,1.6928395666742824,0.23645035916823964,5
1072,bernoulli,9,9,0,0.0,int_median,1.7910614813227326,0.23643805219455777,5
1073,bernoulli,9,9,0,0.0,int_sum,5.411908641166904,0.5594987681662108,5
1074,bernoulli,9,9,0,0.0,stoich_fraction,1.1647128062868901,0.0700269251130684,5
1075,bernoulli,9,9,0,0.0,stoich_logit,0.559957282357082,0.03679931136343232,5
1076,bernoulli,9,9,0,0.0,stoich_pep_mean,1.1647128062868901,0.0700269251130684,5
1077,bernoulli,9,9,0,0.0,stoich_pep_median,1.1647128062868901,0.0700269251130684,5
1078,bernoulli,9,9,0,0.25,int_mean,1.3822226084547249,0.12682827058255333,5
1079,bernoulli,9,9,0,0.25,int_median,1.3965572207490649,0.12642792709461892,5
1080,bernoulli,9,9,0,0.25,int_sum,3.3022388950963326,0.699623340732121,5
1081,bernoulli,9,9,0,0.25,stoich_fraction,1.3991487509813292,0.053457713686753595,5
1082,bernoulli,9,9,0,0.25,stoich_logit,5.97244556740002,0.8762980391924582,5
1083,bernoulli,9,9,0,0.25,stoich_pep_mean,1.3991487509813292,0.053457713686753595,5
1084,bernoulli,9,9,0,0.25,stoich_pep_median,1.3991487509813292,0.053457713686753595,5
1085,bernoulli,9,9,0,0.5,int_mean,1.5188814602803542,0.17692865658827547,5
1086,bernoulli,9,9,0,0.5,int_median,1.519378798316738,0.15536164057351348,5
1087,bernoulli,9,9,0,0.5,int_sum,3.773280218932102,1.348746883700989,5
1088,bernoulli,9,9,0,0.5,stoich_fraction,1.608649377782669,0.15603289548297708,5
1089,bernoulli,9,9,0,0.5,stoich_logit,7.879949922004282,0.628275388798711,5
1090,bernoulli,9,9,0,0.5,stoich_pep_mean,1.608649377782669,0.15603289548297708,5
1091,bernoulli,9,9,0,0.5,stoich_pep_median,1.608649377782669,0.15603289548297708,5
1092,bernoulli,9,9,1,0.0,int_mean,0.9583565570040111,0.12318249930412213,5
1093,bernoulli,9,9,1,0.0,int_median,1.0571534299459089,0.137455154704688,5
1094,bernoulli,9,9,1,0.0,int_sum,4.413313933072887,0.649374024144966,5
1095,bernoulli,9,9,1,0.0,stoich_fraction,0.8832750926432158,0.08297052662288626,5
1096,bernoulli,9,9,1,0.0,stoich_logit,0.4983175208576423,0.08378409966016431,5
1097,bernoulli,9,9,1,0.0,stoich_pep_mean,0.8832750926432158,0.08297052662288626,5
1098,bernoulli,9,9,1,0.0,stoich_pep_median,0.8832750926432158,0.08297052662288626,5
1099,bernoulli,9,9,1,0.25,int_mean,1.430189373276751,0.05073090795671832,5
1100,bernoulli,9,9,1,0.25,int_median,1.4486315898416717,0.05337720729284859,5
1101,bernoulli,9,9,1,0.25,int_sum,3.8881295407879706,0.4278068258150019,5
1102,bernoulli,9,9,1,0.25,stoich_fraction,1.314818677264501,0.15696170395520156,5
1103,bernoulli,9,9,1,0.25,stoich_logit,4.125768246884625,0.28210912397020155,5
1104,bernoulli,9,9,1,0.25,stoich_pep_mean,1.314818677264501,0.15696170395520156,5
1105,bernoulli,9,9,1,0.25,stoich_pep_median,1.314818677264501,0.15696170395520156,5
1106,bernoulli,9,9,1,0.5,int_mean,1.7509023166486557,0.14929021482638286,5
1107,bernoulli,9,9,1,0.5,int_median,1.761083712793996,0.15636425962145967,5
1108,bernoulli,9,9,1,0.5,int_sum,2.925640807741189,0.52904919184933,5
1109,bernoulli,9,9,1,0.5,stoich_fraction,1.8236341793005741,0.16510401796966967,5
1110,bernoulli,9,9,1,0.5,stoich_logit,8.977743651419049,0.4412821477697877,5
1111,bernoulli,9,9,1,0.5,stoich_pep_mean,1.8236341793005741,0.16510401796966967,5
1112,bernoulli,9,9,1,0.5,stoich_pep_median,1.8236341793005741,0.16510401796966967,5
1113,bernoulli,9,9,9,0.0,int_mean,1.4087100412398343,0.32610802251196797,5
1114,bernoulli,9,9,9,0.0,int_median,1.5036531471972538,0.3341162887823448,5
1115,bernoulli,9,9,9,0.0,int_sum,5.342395990650873,1.6507966044759543,5
1116,bernoulli,9,9,9,0.0,stoich_fraction,0.9501175577965333,0.04491724294215825,5
1117,bernoulli,9,9,9,0.0,stoich_logit,0.5442354650685302,0.11689432015044762,5
1118,bernoulli,9,9,9,0.0,stoich_pep_mean,0.9501175577965333,0.04491724294215825,5
1119,bernoulli,9,9,9,0.0,stoich_pep_median,0.9501175577965333,0.04491724294215825,5
1120,bernoulli,9,9,9,0.25,int_mean,1.6787629940036273,0.1933837164485426,5
1121,bernoulli,9,9,9,0.25,int_median,1.6832916282860864,0.19908123319219426,5
1122,bernoulli,9,9,9,0.25,int_sum,4.302829132718367,0.5667394826742417,5
1123,bernoulli,9,9,9,0.25,stoich_fraction,1.4290775975215906,0.15367412434293465,5
1124,bernoulli,9,9,9,0.25,stoich_logit,4.646312120392205,0.22482303337812046,5
1125,bernoulli,9,9,9,0.25,stoich_pep_mean,1.4290775975215906,0.15367412434293465,5
1126,bernoulli,9,9,9,0.25,stoich_pep_median,1.4290775975215906,0.15367412434293465,5
1127,bernoulli,9,9,9,0.5,int_mean,1.7541918725467798,0.1691523376645933,5
1128,bernoulli,9,9,9,0.5,int_median,1.7571944601184804,0.16916395000017,5
1129,bernoulli,9,9,9,0.5,int_sum,2.782563741610273,0.5190135921256311,5
1130,bernoulli,9,9,9,0.5,stoich_fraction,1.4404611274938606,0.1657861772395043,5
1131,bernoulli,9,9,9,0.5,stoich_logit,7.444098933291977,0.5406286175675279,5
1132,bernoulli,9,9,9,0.5,stoich_pep_mean,1.4404611274938606,0.1657861772395043,5
1133,bernoulli,9,9,9,0.5,stoich_pep_median,1.4404611274938606,0.1657861772395043,5
